row	batch	esperanto	score_zh	score_ko	score_sum	Japanese_Trans	Chinese_Trans	Korean_Trans
37	1-100	abelo	12	10	22	{Ｂ}【虫】ミツバチ（蜜蜂）（属）; 《般》（小型の）ハチ（蜂）, >>〜	蜜蜂属昆虫	꿀벌, 작은 벌
40	1-100	absurda	10	11	21	{Ｂ}非常識な, 不合理な; ばかげた, ばかばかしい; 【哲】不条理な	荒谬，不合逻辑	터무니없는
50	1-100	adori	11	9	20	{Ｂ}［他］【宗】礼拝する, 崇拝する, あがめる; 《転》敬慕する, あこがれる; 《転》大好きである	崇拜，崇敬；酷好，醉心于…	예배하고 숭배하다; (전) 동경하다, 몹시 좋아하다
55	1-100	afabla	11	9	20	{Ｂ}愛想のよい, 親切な; ものやわらかな, ていねいな; 【情】使いやすい, ユーザーフレンドリーな	和气的，和蔼的	상냥하고 친절한, 붙임성 있는
56	1-100	afero	24	21	45	{Ｂ}物事（ものごと）, 事, 事柄, 事項; 用件, 用事, 問題; 事件, 出来事; 事業, 業務; 【法】訴訟事件; 【商】取引, >>negoco	事情，事务，案件；（法）诉讼事件；（商）交易	일, 사건, 용무, 【법】소송 사건, 【상업】거래
62	1-100	ajlo	19	17	36	{Ｂ}【植】ニンニク（葫）; 《般》にんにく（球根）, =〜bulbo; 《般》ネギ（葱）, =tub〜; 《般》ニラ（韮）	大蒜；葱属植物	마늘; (식물) 파속 식물
73	1-100	aktiva	3	11	14	{Ｂ}活動的な, 活発な, 積極的な; 活動中の, 現役の; 【Ｇ】能動の	有能力的，有作用的；积极的，活动的；有效，特效	활동적인, 적극적인
98	1-100	amplekso	11	13	24	{Ｂ}大きさ, 広がり; 【哲】外延; 【統】分布範囲	大小，广度，范围	범위
111	101-200	aparato	13	11	24	{Ｂ}装置, 機械一式; 【解】器官; 【政】機関; 【情】装置, デバイス	一套装置，仪器；（解）器官；（政）机关	장치, 기계；（해부） 기관；（정치） 기구
126	101-200	aranĝi	12	13	25	{Ｂ}［他］整える, 整頓する; 手配する; 【楽】編曲する; 【劇】脚色する	整理，布置；安排	정리하고 필요한 준비를 하다
129	101-200	arko	23	17	40	{Ｂ}弓形; 弓, =paf〜; 【数】弧; 【建】アーチ; 【理】電弧, =lum〜; 【解】弓	弧，拱形物；弓；[物] 电弧	활, 활 모양; (수학) 호; (건축) 아치; (물리) 전호
132	101-200	artikolo	13	12	25	{Ｂ}記事; 条項; 【法】（法令の）条, >>paragrafo; 【Ｇ】冠詞	冠词；文章；条款	기사; 조항; (문법) 관사
144	101-200	atomo	15	11	26	{Ｂ}【理】原子; 【哲】アトム; 《転》微小物, 微塵	原子	물질을 이루는 최소 단위, 원자
173	101-200	balono	11	10	21	{Ｂ}気球; 風船, =〜eto; 【化】球形フラスコ	气球	기구, 풍선
183	101-200	baro	11	6	17	{Ｂ}障害; =baraĵo / 【理】バール（圧力の単位，bar）, >>paskalo	障碍；（物理）巴（压力单位）	장애물, 방해가 되는 것；（물리） 바（기압 단위）
188	101-200	bazo	33	31	64	{Ｂ}土台, 基礎, 礎石; 《転》基盤, 根拠; 【生】基部; 【化】塩基; 【数】基数; 【数】基底; 【数】底辺; 【軍】基地	基础，根基；（化）碱；（数）基数，底边；基地	기초, 토대；（화학） 염기；（수학） 기수, 밑변；기지
204	201-300	bildo	16	27	43	{Ｂ}絵, 図, 挿絵; 像, 光景; 映像, 影; 心象; 似姿; 比喩（ひゆ）; 【理】像; 【情】画像	图；像；影像；情景；意象；比喻形象	그림, 영상, 심상, 광경, 비유
211	201-300	bloko	7	13	20	{Ｂ}塊, ブロック, 台; 街区; （暦・メモ用紙などの）一つづり; 【政】ブロック（国家や政党の連合）	块，大块；砧板；拍纸簿	덩어리, 블록
215	201-300	bluzo	8	11	19	{Ｂ}【服】ブラウス; 上っ張り, 仕事着; ジャンパー, ブルゾン	罩衣；工作服	블라우스
228	201-300	brasiko	12	10	22	{Ｂ}【植】キャベツ, =〜; （キャベツ、ハクサイ、カラシナ、アブラナ、カブなど）アブラナ属の植物の総称	甘蓝类植物（白菜）	양배추, 배추류 식물
257	201-300	cemento	12	12	24	{Ｂ}セメント; 接合剤, 接着剤; （歯の）セメント質; 【地質】膠結物（こうけつぶつ）	水泥，接合剂	시멘트, 접합제
260	201-300	centro	9	13	22	{Ｂ}中心, 中央; 【政】中道, 中間派; 【解】中枢	中心点，圆心，中点；中心	중앙, 중심
269	201-300	ciklo	21	21	42	{Ｂ}周期, 循環, サイクル; 【文】（同一主題の）物語群, 連作; 【化】炭素環; 【環】（物質の）循環, =cirkulado; 【理】サイクル（周波数の単位，c）	周期；循环；（文）组诗；（化）环	주기, 순환; (문학) 연작; (화학) 고리
276	201-300	citrono	10	7	17	{Ｂ}《般》レモン（慣用）, =limono; 【果】シトロン	柠檬（狭义：香橼）	레몬, 신맛이 나는 과일
277	201-300	civila	5	10	15	{Ｂ}市民の, 文民の; 【法】民事の, ><militista, ><eklezia, ><ŝtata, ><kriminala	公民的，国民的，民用，文职，平民，世俗，民事	시민의, 민간의
299	201-300	delikata	8	12	20	{Ｂ}繊細な, 洗練された; 優美な, 上品な; 鋭敏な, 敏感な; きゃしゃな, 壊れやすい	精美，高雅；纤细，脆性的	섬세하고 세련된
301	301-400	densa	10	9	19	{Ｂ}濃い, 濃密な; 密集した, 密生した; 【写】（ネガが）濃い, 肉乗りのよい	密集，茂密，稠	빽빽하게 모인, 밀도가 높은
306	301-400	desegni	7	10	17	{Ｂ}［他］描く, 素描する, デッサンする; デザインする, 設計図をひく, 製図する; 《転》輪郭を示す	画出轮廓，勾画；设计，制图	선으로 그리다, 설계하다
322	301-400	dimensio	11	16	27	{Ｂ}寸法; 【数】次元; 【理】（物理量の）次元; 《転》規模, 広がり	大小，尺寸；维数；量纲	물체의 크기나 차원
327	301-400	disko	18	16	34	{Ｂ}円盤; 【運】円盤; 【楽】レコード盤; 【情】ディスク, （特に）ハードディスク, >>dur〜	铁饼，唱片，盘状物；（计）磁盘	원반; 레코드판; (정보) 디스크
328	301-400	diskuti	13	11	24	{Ｂ}［自］討議する, 議論する, >>debati, >>〜, >>polemiki	讨论	의견을 주고받으며 토론하다
335	301-400	diveni	11	12	23	{Ｂ}［他］見抜く, 言い当てる, 推察する, >>〜, >>〜; 予知する, 占う	猜；猜测	짐작하여 알아맞히다, 추측하다
337	301-400	dividi	9	15	24	{Ｂ}［他］分ける, 分割する, 区切る; 分け与える, 分配する; 分け合う; 【数】割る	分；分配；[数学]除	나누다
338	301-400	do	16	18	34	{Ｂ}［接］だから, すると, それでは, そこで, >>sekve, >>〜; ［副］（疑問文を強めて）いったい全体; （命令文を強めて）さあ, ほら / {Ｏ}［文字名］ドー（文字D，dの名称）	（接）所以，那么；（副）究竟，到底	그래서, 그러면을 나타내는 접속사
344	301-400	domo	12	11	23	{Ｂ}家, 家屋; =〜; 建物, ビル; （貴族の）家系	房屋	집, 건물
350	301-400	dramo	19	19	38	{Ｂ}【劇】正劇（古典的な悲劇・喜劇に分類されない近代的な市民劇）, >>tragiko, >>〜; 《般》演劇, 戯曲, =teatraĵo; 《転》劇的事件, ドラマ	（近代）正剧；戏剧；戏剧性事件	연극, 희곡; (비유) 극적인 사건
352	301-400	droni	11	10	21	{Ｂ}［自］溺れる; 【海】沈没する; 《転》没する, 沈む	淹死，沉没	익사하다, (배가) 침몰하다
358	301-400	ebena	12	10	22	{Ｂ}平らな, 平坦な, >>〜; なめらかな, >>〜	表面平整	표면이 평평한, 평탄한
360	301-400	eduki	16	14	30	{Ｂ}［他］（人を）教育する, しつける, >>〜, >>prizorgi; （動物を）飼いならす, >>〜; （植物を）育てる, 栽培する, =kultivi	教育；驯养；栽培	교육하다; (동물) 길들이다; (식물) 재배하다
362	301-400	efektiva	8	11	19	{Ｂ}実際の, 現実の, >>〜, >>fakta; 事実上の	实际，确实；正式	실제의, 사실상의
363	301-400	efiki	14	11	25	{Ｂ}［自］効果をあげる, 効能がある, 効力がある, >>〜; 【理】【化】作用する	生效，起作用	효과를 내다, 어떤 작용을 하다
364	301-400	egala	11	10	21	{Ｂ}等しい, 同等の; 対等な, 平等な; むらのない, 一様な; どうでもよい	平等，相等	같은, 동등한, 평등한
371	301-400	eksciti	9	12	21	{Ｂ}［他］刺激する, 興奮させる; 《転》かき立てる, そそる; 【理】励起する	刺激，激发；助长	자극하다, 흥분시키다
377	301-400	ekspozicio	10	14	24	{Ｂ}展示会, 展覧会, 博覧会; 陳列, 展示, =ekspono; =〜aĵo; =〜ejo	展览；展品；展览会场	전시회, 전람회, 박람회
389	301-400	elekti	12	12	24	{Ｂ}［他］選ぶ, 選択する, 選定する, >>kribri; 選挙する, >>〜	选择，选举	선택하다, 고르다
391	301-400	elemento	12	17	29	{Ｂ}要素, 成分; 基本原理, 初歩; 【化】元素; 自然の力, 悪天候; （本来の）生息環境, 活動領域	元素；成分；原理，初步	구성 요소, 성분
396	301-400	energio	9	12	21	{Ｂ}活力, 精力; 【理】エネルギー; 【環】エネルギー	精力，干劲；能	에너지, 활력
400	301-400	envii	11	11	22	{Ｂ}［他］欲しがる, >>avidi; うらやむ, ねたむ, >>ĵaluzi	羡慕，忌妒	질투하거나 부러워하다
401	401-500	epoko	17	15	32	{Ｂ}時代; 【地質】世, >>〜（紀）, >>erao（代）, >>〜（期）	纪元，时代	역사에서 구분되는 일정한 시대
404	401-500	esenco	14	13	27	{Ｂ}本質, 真髄, 核心; 【化】エッセンス, 精油; 【哲】実在, >>noumeno	本质，核心；（化）香精，精油	본질, 핵심; (화학) 에센스, 정유
406	401-500	esplori	13	17	30	{Ｂ}［他］探検する, 踏査する; 調査する, 探究する, 研究する; 【医】診査する, （精密）検査する; 【法】審理する	探索；调查；研究	상세히 조사하거나 탐구하다
412	401-500	etaĝo	14	13	27	{Ｂ}階（欧州と日米で数え方が異なる）, >>ter〜, >>unua 〜, >>dua 〜	楼层	건물의 층
420	401-500	eĥo	8	11	19	{Ｂ}反響, こだま; 【通】エコー; 《転》おうむがえし	回声，反响；回波	메아리, 반향
428	401-500	fako	9	14	23	{Ｂ}専門, 部; （棚や箱などの）仕切り, 区画; 科目, 種目; 【遊】（将棋盤の）升目	格子；学科；部门	전문 분야
431	401-500	fali	12	11	23	{Ｂ}［自］落ちる, 落下する; 倒れる, 転ぶ; 降る; 《転》滅びる	落下，跌倒	위에서 아래로 떨어지다
434	401-500	familiara	10	9	19	{Ｂ}親しい, 慣れ親しんだ, 心安い, くだけた, 平俗な, >>〜, >>senceremonia	亲昵，不拘礼仪，随便	친숙하고 허물없는, 가까운 사이의
438	401-500	fantazio	3	10	13	{Ｂ}幻想, 夢想; （創造的な）空想力; 【楽】幻想曲, ファンタジア	想象，想象力；奇想，幻想；幻觉	창조적인 상상력
453	401-500	fenomeno	13	13	26	{Ｂ}現象, 事象; 《転》特異現象, 驚くべき事件; 【哲】現象, 外象	表象，现象	현상, 사상
454	401-500	ferio	13	13	26	{Ｂ}休日, 休業日; （一日の）休暇, 休み, >>festotago, >>libertempo	假日	휴일
464	401-500	figuro	19	16	35	{Ｂ}姿, 人物（像）; 形, 図; 【美】像, フィギュア; 【数】図形; 【Ｇ】文彩, （ことばの）あや, 比喩的表現	外形，轮廓；肖像；图形	사람·사물의 형태; (수학) 도형; (수사) 비유적 표현
466	401-500	fiksi	13	11	24	{Ｂ}［他］固定する, 取りつける, 据える; 【写】定着する; 取り決める, 定める, 確定する	将…固定在…	단단히 고정하거나 확정하다
488	401-500	flustri	12	11	23	{Ｂ}［自］ささやく, 小声で話す; 《転》さらさら音をたてる, >>〜, >>murmureti	低语，耳语，发潺潺（飒飒）声	작게 속삭이다, 소곤소곤 말하다
497	401-500	formo	11	10	21	{Ｂ}形, 形状; 形態, 様相; 形式, 外形; 作法	形状，样子	사물의 겉모양, 형체
498	401-500	formulo	4	12	16	{Ｂ}書式; 【理】式; 【数】公式	公式，分子式；格式；说法，用语	공식
504	501-600	fosto	13	14	27	{Ｂ}【建】柱; くい, 標柱, 電柱, >>〜, >>〜	立柱，桩，路标，电杆	기둥, 말뚝, 표지말뚝
509	501-600	frato	11	9	20	{Ｂ}兄弟; （親しい）仲間; 【宗】ブラザー, =〜ulo	兄弟	형제, 남자 형제
519	501-600	fronto	9	15	24	{Ｂ}正面, 前面; 【軍】最前線; 戦線; 【気】前線	前线；阵线；前面，正面	정면, 앞부분
522	501-600	frukto	19	20	39	{Ｂ}【植】果実, 実（み）, >>drupo, >>〜, >>〜; くだもの; 《転》成果, 結果	果实；水果；（转）成果	과일, 열매; (비유) 성과
524	501-600	fulmo	12	12	24	{Ｂ}【気】雷（かみなり）; 稲妻, 雷光; 《転》ひらめき	闪电	번개
530	501-600	funkcio	9	16	25	{Ｂ}職務, 役目; 機能, 作用; 【数】関数; 【情】関数	职能，职务；作用，功能；函数	기능이나 역할
538	501-600	gardi	10	13	23	{Ｂ}［他］見張る, 番をする; 守護する, 護衛する; 監視する, 警戒する; 守る, 保存する, 保管する	守卫，看守；保管	지키다, 보호하다
539	501-600	gaso	14	11	25	{Ｂ}ガス, 燃料ガス; 【化】気体, >>〜, >>〜; 【軍】毒ガス	气体，可燃气；胃气；毒气	가스, 기체 연료; (화학) 기체; (군사) 독가스
545	501-600	gento	15	13	28	{Ｂ}（共通の祖先に由来する集団）部族, 一族; 民族, 種族, >>〜, >>〜, >>〜	种族，氏族，部族	공통 조상을 가진 종족이나 부족
551	501-600	glata	5	10	15	{Ｂ}なめらかな, すべすべした; 《転》平らな; 《転》人当たりのよい	平滑；平坦；流畅	매끄러운, 평탄한
556	501-600	golfo	15	11	26	{Ｂ}【地理】湾 / 【運】ゴルフ, =〜ludo, >>klabo, >>〜	海湾；高尔夫球	바다에 깊게 파고든 육지의 만；골프
557	501-600	gorĝo	13	13	26	{Ｂ}のど, のど首; 【解】咽喉（いんこう）; 《転》峡谷, 山間の狭い道, 狭い湾口	喉，咽喉	목구멍, 인후
574	501-600	grundo	10	13	23	{Ｂ}土壌, 土地; 地盤, 地面, 土台; 水底; 《転》下地	土，土壤；地基	땅, 토양
577	501-600	gumo	7	10	17	{Ｂ}【植】ゴム, ゴム液; 弾性ゴム, =〜; 消しゴム, =frot〜	树胶，树脂；橡胶；橡皮（橡皮擦）	고무, 고무질；지우개
589	501-600	haŭto	12	10	22	{Ｂ}（動物の）皮, 表皮; （人間の）皮膚, 肌; （果物の）皮; 《転》皮膜状のもの	皮，皮肤	사람이나 동물의 피부, 살갗
590	501-600	hejmo	12	11	23	{Ｂ}家庭, 自宅, わが家; （自宅に代わる）収容施設, ホーム; 《転》=〜loko	家	집, 가정
592	501-600	hela	15	11	26	{Ｂ}明るい, 晴れやかな, >>luma, >>brila; （色が）明るい, 薄い, >>〜; （音が）澄んだ	明亮，晴朗；浅，淡	밝은, 환한; (색) 옅은; (소리) 맑은
596	501-600	herbo	10	9	19	{Ｂ}草; 牧草, 芝草; 【植】草本	草	풀, 목초
605	601-700	historio	11	12	23	{Ｂ}歴史; 歴史学; 沿革, 来歴; 画期的な事件; 物語, 話	历史；故事	역사, 지나온 과정
607	601-700	hoko	16	12	28	{Ｂ}鉤（かぎ）; 【機】フック; 釣り針, =fiŝ〜; 【運】（ボクシングの）フック	钩子，鱼钩	갈고리, 낚싯바늘; (권투) 훅
613	601-700	horizonto	11	15	26	{Ｂ}地平線, 水平線; 《転》（思考・知識などの）視界, 範囲; 【地質】層準; 土壌の層位	地平线，水平线；眼界，见识	지평선, 수평선
628	601-700	ideo	18	14	32	{Ｂ}観念; 考え, 思想; 思いつき, アイデア; 【哲】イデア; 【楽】楽想	观念，主意，理想	관념, 생각, 아이디어; (철학) 이데아
641	601-700	impreso	8	10	18	{Ｂ}印象, 感銘; 感じ, 心地; 【写】感光	印象；感光	인상, 감명
642	601-700	imuna	8	12	20	{Ｂ}【医】免疫の; 【法】免除の; 【機】耐性のある	免疫的；免除某项法律责任的；抗…的，防…的	질병에 대한 면역이 있는
652	601-700	infero	15	16	31	{Ｂ}【宗】地獄; 《転》修羅場, 生き地獄; 死後の世界, 冥界, >>Hadeso, >>Ŝeolo	地狱；（转）人间地狱；冥界	죽은 자가 가는 지하 세계, 지옥
663	601-700	instali	12	11	23	{Ｂ}［他］（物を）据え付ける, 備え付ける; （場所を）設備を整える; （人を）就任させる, 任命する; 【情】インストールする	设置，安装，建立	기계나 설비를 제자리에 설치하다
667	601-700	instrumento	13	10	23	{Ｂ}器具, 器械, 道具; 楽器; 手段; 【法】法律文書	用具，仪器	작업이나 연주에 쓰는 도구, 기구
677	601-700	intesto	13	12	25	{Ｂ}【解】腸; >>大腸, >>小腸	肠	창자, 장(腸)
688	601-700	izoli	7	13	20	{Ｂ}［他］孤立させる, 切り離す, 隔離する; 【電】絶縁する; 【化】単離する	隔离，使孤立；使绝缘；隔绝	떼어놓다, 격리·고립시키다
708	701-800	kabineto	7	11	18	{Ｂ}【政】内閣; 書斎, 事務室, 診察室; （収集品の）陳列室	书房，研究室；内阁	정부의최고행정기관내각
709	701-800	kadro	12	11	23	{Ｂ}枠, 額縁; 環境, 場所; 枠組, 範囲; 【政】幹部 / 【情】フレーム（ウェブページの表現技法の一）	边框，环境，范围；干部；（计）框架	둘러싸는 틀, 테두리；간부；（IT） 프레임
710	701-800	kaduka	4	12	16	{Ｂ}老朽の, 荒廃した; 老衰した, 老いぼれた; 消えていく, はかない; 【法】（期限切れで）無効の, 失効した	破旧，破败；衰老；不稳定，不可靠；失效，无效	노후하여 몹시 낡고 쇠약한 상태
714	701-800	kajo	12	14	26	{Ｂ}【海】岸壁, 波止場; 河岸（かし）, 荷揚げ場; 【鉄】プラットホーム	码头，站台，月台	부두
724	701-800	kampo	10	17	27	{Ｂ}野原, 田畑; 場, 分野, 範囲; 【理】場; 【情】フィールド	田地，场地；领域，范围；（理）场	밭, 들판
725	701-800	kanalo	19	16	35	{Ｂ}運河, 堀, 水路; 【海】水道; 【通】チャンネル; 【解】管; 《転》伝達手段, 経路	运河；沟渠，水道；海峡	운하, 수로, 【통신】채널, 【해부】관, 경로
728	701-800	kanti	11	11	22	{Ｂ}［他］歌う; （鳥が）さえずる; 《転》心地よい音を奏でる; （詩や歌で）褒めたたえる	唱	노래하다
731	701-800	kapitalo	11	9	20	{Ｂ}【経】資本; 資本金, 資金; 《転》資本, 元手	资产，资金，资本	자본, 사업이나 투자에 쓰는 돈
732	701-800	kapo	18	16	34	{Ｂ}頭, 首, 頭部; 頭脳; 一人, 一頭; 《転》頂上部, 先端, 先頭; 指導者	头，头部	머리, 두뇌, 선두, 지도자
736	701-800	karaktero	15	17	32	{Ｂ}性質, 性格, 個性, 特徴; 風格, 気骨; 【生】形質; 【心】性格	性质，特征；性格	성격, 성질, 개성
739	701-800	karno	9	10	19	{Ｂ}肉, 肉体, >>〜; 【植】果肉	肉，肉体，果肉	살, 육체
741	701-800	karto	7	11	18	{Ｂ}カード, （紙の）札; はがき; （トランプの）札; 【電】基板（地図は別語を用いる）	卡片；证件；纸牌	종이로 된 카드
751	701-800	kavo	18	16	34	{Ｂ}穴, 空洞, くぼみ, へこみ; 【解】腔（こう）, 窩（か）; 【理】（波の）谷, >>〜	坑，腔，膛	움푹 파인 빈 공간이나 구멍
752	701-800	kazo	11	5	16	{Ｂ}【Ｇ】格; 【法】訴訟事件; 事例; 【医】症例	格；案情，案件；病例	【문법】격, 【법률】소송 사건, 사례, 【의학】증례
753	701-800	kaĉo	14	11	25	{Ｂ}【料】かゆ, ピューレ, かゆ状の食物; 《転》まずい食物; 《転》かゆ状の物	粥，糊	걸쭉한 죽, 묽게 으깬 음식
757	701-800	kaŭzo	14	13	27	{Ｂ}原因, もと; 理由, 動機, わけ, 根拠; 【哲】原因, 因	原因	원인, 이유
764	701-800	kerno	10	10	20	{Ｂ}核, 種（たね）, 芯（しん）; 《転》核心; 【理】核, =〜	仁，核；中心，核心	사물의 중심이 되는 가장 중요한 부분
779	701-800	klasika	11	10	21	{Ｂ}古典の; 古典的な, 伝統的な, 正統派の; 【芸】古典主義の, 古典派の	古典，经典	고전의, 고전적인, 전통적인
780	701-800	klaso	10	11	21	{Ｂ}等級, 種類; 階級, 階層; クラス, 学級, 組; 【生】（分類学上の）綱（こう）	阶级；班级；等级	학교에서 같은 단계의 학생 집단, 학급
782	701-800	kliento	10	10	20	{Ｂ}顧客, 依頼人, 患者; 得意客, 常連; 【史】（古代ローマの）クリエンテス（被保護平民）	顾客，委托人，患者	고객, 의뢰인, 환자
791	701-800	kolegio	12	11	23	{Ｂ}【学】（英米などの）カレッジ, 単科大学, 高等専門学校; （仏などの）コレージュ, 中等学校; 【宗】（同じ職能の）集団, 会	学院；专门学校，高等专科学校	단과대학, 전문대학 등 고등 교육 기관
797	701-800	kolono	23	21	44	{Ｂ}【建】円柱, 柱; 記念柱; 《転》柱状のもの; 《転》大黒柱（人）; 【印】=〜（欄）; 【軍】縦隊	圆柱，支柱；（排版）栏；（军）纵队	원주, 기둥; (인쇄) 난(欄); (군사) 종대
798	701-800	koloro	11	8	19	{Ｂ}色, 色彩; 【楽】=son〜（音色）; 【遊】（トランプの）色（赤または黒）; 《転》特色, 個性, 色合い	颜色，色彩；（乐）音色；（牌）花色；（转）特色	색, 색채; (음악) 음색; (카드) 색; (비유) 특색
799	701-800	kolumno	19	14	33	{Ｂ}【印】（縦の）欄; （新聞の）コラム; （縦の）列; 【遊】（チェス盤などの）縦列, =〜; 【数】（数の）桁（けた）	栏，纵列；（数）数位	신문 칼럼; 세로 열(欄); (수학) 자리수
800	701-800	komandi	9	11	20	{Ｂ}［他］【軍】指揮する, 指図する, 命令する; 【機】操作する, 制御する	统帅，指挥，命令，控制	군대를 지휘·명령하다
811	801-900	komo	11	9	20	{Ｂ}コンマ, 読点; 【数】小数点; 【情】コンマ（，）	逗号；（数）小数点	콤마, 쉼표；（수학） 소수점
824	801-900	koncerto	11	9	20	{Ｂ}【楽】コンサート, 演奏会, 音楽会; 《転》協調, 協力	音乐会	콘서트, 음악회, 연주회
827	801-900	konduki	11	10	21	{Ｂ}［他］導く, 連れて行く, 案内する; 至る, 通じる; 指揮する; 運転する, =stiri; =〜ti	带领，引导；驾驶；导致	이끌다, 안내하다; 운전하다; (결과를) 초래하다
830	801-900	konfesi	5	13	18	{Ｂ}［他］告白する, 打ち明ける; 白状する; （信仰を）告白する; 【キ】告解する, ざんげする	公开表明；直言不讳；承认错误；忏悔	고백하다, 자백하다
852	801-900	konstitucio	10	8	18	{Ｂ}【法】憲法; 【医】体質, 体格	宪法	국가 통치의 기본법
864	801-900	kordo	12	12	24	{Ｂ}【楽】弦; 《転》（心の）琴線; 【数】弦	弦，带，索	악기 줄, 현
867	801-900	koridoro	13	14	27	{Ｂ}廊下, 通廊, 回廊; 【政】回廊地帯; 【車】（道路の）車線	走廊，回廊	건물안의길게난복도
868	801-900	korno	10	7	17	{Ｂ}【動】角（つの）; 角状のもの; 【楽】ホルン; 角笛（つのぶえ）; 警笛	角；角状物；号角（乐器/警报）	뿔; 뿔 모양의 것; (음악) 호른, (신호) 경적
869	801-900	koro	6	10	16	{Ｂ}【解】心臓; 《転》心（こころ）; 中心, 芯（しん）	心；心脏；中心	심장, 마음, 중심
870	801-900	korpo	16	15	31	{Ｂ}体, 身体, 肉体; 胴体; 本体; 物体; 【理】物体; 【数】体	身体，体；物体；（数）体	신체, 몸; 물체; (수학) 체
872	801-900	korvo	16	16	32	{Ｂ}【鳥】カラス（属）（鴉、烏）, >>korako, >>〜, >>monedo	鸦属鸟类	까마귀
873	801-900	kosmo	10	9	19	{Ｂ}【天】宇宙, >>〜; 《転》完全体系, ><kaoso	宇宙；宇宙观	우주, 질서 있는 전체 세계
880	801-900	krado	14	13	27	{Ｂ}【建】格子; 格子柵; 格子状のもの; 【電】グリッド	栅栏，铁篦子	격자 모양의 창살·철망
900	801-900	krokodilo	9	12	21	{Ｂ}【動】ワニ（鰐，総称）; クロコダイル（科）（ナイルワニ、イリエワニなど）, >>aligatoro	鳄属动物；[~i]在讲世界语的环境中说民族语	악어
902	901-1000	krono	9	13	22	{Ｂ}冠, 王冠; （栄誉の印としての）花冠, 栄冠; 王権, 王位; 冠状のもの / 【貨】クローネ（デンマーク・スウェーデンなどの通貨）	花冠，冕，王冠；冠状物；（货币）克朗	왕관；（화폐） 크로네
904	901-1000	kruco	11	14	25	{Ｂ}【宗】十字架; はりつけ台; 十字形のもの; 《転》苦難	十字架，十字标记、符号、物品	십자가
907	901-1000	kruro	14	13	27	{Ｂ}（人・動物の）脚, 足（全体）; 【解】すね, 脚（膝から足首まで）, >>〜; 《転》脚部	小腿；腿	사람이나 동물의 다리, 특히 종아리
911	901-1000	kubo	11	15	26	{Ｂ}【数】立方体; 【数】立方; サイコロ, =ĵet〜; 立方形の物	立方体；（菜）丁；立方	정육면체 모양의 입체
912	901-1000	kubuto	12	8	20	{Ｂ}【解】ひじ; 《転》曲がり角, 屈曲部; 【機】エルボ（管）, Ｌ字継手	肘；弯头，弯管接头	팔꿈치; 굽은 부분; (기계) 엘보관
922	901-1000	kun	13	6	19	{Ｂ}［前］～と共に, ～と一緒に; ～と, ～に対して; ～を連れて, ～を持って; ～と同時に, ～しながら	和…一起	함께, 같이; 동반·동시에 있음을 나타내는 말
938	901-1000	kvadrato	13	12	25	{Ｂ}【数】正方形; 【数】平方, 二乗; 【軍】方陣	正方形；平方	정사각형；（수학） 제곱
945	901-1000	kverko	10	10	20	{Ｂ}【植】ナラ（楢）, カシ（樫）, オーク; 【植】コナラ属	栎属植物（栎树，橡树）	참나무, 오크나무
949	901-1000	labori	11	11	22	{Ｂ}［自］働く, 労働する, 仕事する, 勤める; 勉強する; 精を出す; （機械が）作動する	工作，劳动	일하다, 노동하다
957	901-1000	lango	13	11	24	{Ｂ}【解】舌; 【料】（牛などの）舌肉, タン; 舌状のもの; 《転》話しぶり, 弁舌	舌头；（食）舌肉；（转）口才	혀; (식용) 혀고기; (비유) 말솜씨
959	901-1000	lardo	12	14	26	{Ｂ}【料】豚の脂身, ラード; （古）ベーコン, >>bekono / >>porkograso	猪脂肪，猪油；（旧）培根	돼지 비계, 라드
963	901-1000	lasta	9	11	20	{Ｂ}最後の, 最終の, 後者の; 最近の, 最新の, 直前の, この前の; 最下位の, 最低の	最后；最近	마지막의, 최후의
968	901-1000	leciono	12	10	22	{Ｂ}授業, けいこ, レッスン; 学課, 課業; （教科書の）課; 教訓, 戒め	课，功课	학교에서 듣는 수업이나 강의
970	901-1000	legi	11	9	20	{Ｂ}［他］読む, 音読する; 読み取る, 解読する; 【情】読み取る	读	읽다, 글을 해독하다
975	901-1000	leporo	10	7	17	{Ｂ}【動】ノウサギ; （一般に）ウサギ（兎）, >>〜	兔属动物	산과 들에 사는 토끼
980	901-1000	leĝo	14	11	25	{Ｂ}【法】法律, 法, 法規; おきて, 戒律, 律法; 【理】法則	法律，准则，法则	국가가 정한 강제력 있는 법이나 규범
982	901-1000	libera	10	6	16	{Ｂ}自由な; 独立の, 束縛されない, 免れた; ひまな, 空いている, 広々した	自由	자유롭고 구속이나 제약이 없는 상태
983	901-1000	libro	10	10	20	{Ｂ}本, 書籍, 書物, 図書; 帳簿, 記録簿; （書物の）巻, 編, 書	书，簿，册	책, 장부, 권
986	901-1000	ligi	14	15	29	{Ｂ}［他］結ぶ, 縛る, つなぐ; 結び合わせる; 《転》束縛する; 関係づける; 団結させる	绑，连，联	묶다, 연결하다
989	901-1000	limo	11	14	25	{Ｂ}境界, 境, 端, 果て; 国境; 限界, 限度, 極限; 期限	分界线；范围	경계선
991	901-1000	linio	18	24	42	{Ｂ}線, 境界線, すじ; 列, 並び, 系統; （文字の）行; 【数】線; 【交】路線; 【運】ライン	线；列，系统；行；路线	선, 줄, 행, 노선, 계통
992	901-1000	lipo	11	11	22	{Ｂ}唇; 《転》口; 【植】唇弁（しんべん）	唇	입술
995	901-1000	litero	15	14	29	{Ｂ}文字, 字; 【印】活字, >>ideografiaĵo; 字句, 文面	字母	글자, 문자
1002	1001-1100	loko	14	11	25	{Ｂ}場所, 所; 部分, 個所; 地方, 土地; 《転》地位, 立場	地点，处所	장소, 사람이나 사물이 있는 곳
1006	1001-1100	ludi	11	13	24	{Ｂ}［自］遊ぶ, たわむれる, 自由に動く; ［他］（ゲームなどを）する, （必要な）動作をする; 【楽】演奏する; （役割を）演じる	玩，游戏；演奏	놀다, (게임·악기·역할을) 하다
1013	1001-1100	luno	10	7	17	{Ｂ}【天】月; 衛星, >>〜	月亮	지구를 도는 유일한 위성
1019	1001-1100	maksimumo	10	8	18	{Ｂ}最大限, 最大量, 最高度, 最高値, 極限; 【数】最大, 極大, ><〜	最大量，最大数，最大限度	가능한 한도 가운데 가장 큼
1020	1001-1100	makulo	7	10	17	{Ｂ}しみ, よごれ; 斑点, 斑紋, ぶち; 《転》汚点	污点，瑕疵；斑点	얼룩, 반점
1030	1001-1100	mano	11	10	21	{Ｂ}手; 《転》筆跡; 【遊】（トランプの）持ち札	手	손, 손바닥
1031	1001-1100	mantelo	13	16	29	{Ｂ}【服】マント, 外套, コート, ケープ; 【建】マントルピース; 《転》覆い隠すもの	披风，斗篷；外套	망토, 외투
1032	1001-1100	manĝi	17	16	33	{Ｂ}［他］食べる; （虫が）食う; 常食とする; 《転》腐食する, むしばむ; 《転》むさぼる	吃	음식을 먹다
1035	1001-1100	marko	22	19	41	{Ｂ}しるし（印）, 標識, マーク, 目印; コイン, チップ; 【商】商標, ブランド; 【運】スタートライン / 【貨】マルク（ドイツ）, =100 pfenigoj	记号；商标；（货币）马克	표시나 구분을 위해 쓰이는 기호, 표지；（화폐） 마르크
1041	1001-1100	maso	11	13	24	{Ｂ}かたまり（塊）; 集積, 総体; 【美】マッス; 【理】質量	一堆，一团，一块；质量	뭉쳐 있는 덩어리나 집단
1043	1001-1100	mastro	12	9	21	{Ｂ}主人, 支配人, 雇い主; 持ち主, 所有主; 【生】宿主	主人	집이나 사업체의 주인, 소유자
1046	1001-1100	materialo	9	11	20	{Ｂ}材料, 原料, 資材; 用具, 器具, 機材; 《転》資料, データ, 題材	材料，物资；器材，设备	물건을 만드는 재료, 자재
1048	1001-1100	mato	14	12	26	{Ｂ}マット, むしろ, ござ, 敷物, >>〜, >>tatamo / 【遊】（チェス・将棋の）詰み, チェックメイト	席子；（国际象棋）将死	돗자리, 깔개；（체스） 체크메이트
1057	1001-1100	mekaniko	11	9	20	{Ｂ}力学, 機械学, >>dinamiko, >>statiko; 機械の仕組み/原理	力学；机械学	역학, 기계학; 기계의 구조·원리
1058	1001-1100	mekanismo	11	11	22	{Ｂ}機械装置, 仕掛け, メカニズム; 機構, 構造, 仕組み; 【芸】技巧, テクニック	机械原理；机器构造	기계나 조직·과정의 구조, 메커니즘
1061	1001-1100	membro	22	22	44	{Ｂ}会員, 一員, 構成員, メンバー; （構成）要素, 部分; 【解】肢（手または足）; （人・動植物の）体の一部器官（肢，手，足，脚，舌，翼，羽，枝，葉，茎，根など）	成员，会员；（解）肢体（手脚等）	구성원; (신체) 사지(손·발)
1065	1001-1100	menso	13	16	29	{Ｂ}精神, 心, 知力, >>〜, >>〜, >>〜, >>psiko	精神，心灵；智能，智力	정신, 마음, 지성
1075	1001-1100	metro	14	12	26	{Ｂ}【単】メートル（長さの単位，m）; メートル尺; 【文】歩格, 韻律	米	길이 단위인 미터
1076	1001-1100	mezo	11	10	21	{Ｂ}まん中, 中央, 中点; 中間, 中位, 中ほど; 最中, 途中	中间	중간, 중심
1098	1001-1100	mistero	16	15	31	{Ｂ}神秘, 不思議, 謎, 秘密; 【キ】玄義; 【宗】秘儀, 奥義	奥秘	신비, 수수께끼
1100	1001-1100	modelo	24	16	40	{Ｂ}模型, 原型, ひな型, 手本; 《転》模範; 【美】モデル（人）; 【服】ファッションモデル; 【学】（理論の）モデル	模型，模特，写生用的实物	모형, 원형, 본보기; (인물) 모델; (이론) 모델
1105	1101-1200	modo	14	12	26	{Ｂ}流行; 【Ｇ】（動詞の）叙法; 【服】モード, ファッション; 【統】モード, 最頻値	时尚；（语法）语气；（统计）众数	유행; (문법) 서법; (통계) 최빈값
1107	1101-1200	mola	14	10	24	{Ｂ}やわらかい, 柔軟な; 優しい, 柔和な; 弱々しい; 【声】軟音の	软	부드럽고 무른, 딱딱하지 않은 상태
1110	1101-1200	mondo	16	15	31	{Ｂ}世界; 宇宙, 万物; 世の中, 世間, 社会; ～界; 世人, 世の人々	世界	세계, 세상
1114	1101-1200	montri	12	12	24	{Ｂ}［他］示す, 見せる, 提示する; 指さす, 指し示す; 教示する, 教える; 表す, 発揮する	出示，指出，表明	보여주다, 가리키다, 드러내다
1120	1101-1200	morti	14	12	26	{Ｂ}［自］死ぬ, 亡くなる, 死亡する; 枯れる; 無感覚になる; 《転》消える, 滅びる	死亡	죽다, 생명이 끝나다
1122	1101-1200	motoro	6	10	16	{Ｂ}【機】原動機, モーター, エンジン; 《転》原動力, 主導者	发动机，摩托，引擎；动力	모터, 엔진
1131	1101-1200	muso	15	12	27	{Ｂ}【動】ハツカネズミ（二十日鼠）（属）; 《般》（比較的小型の）ネズミ, >>〜; 【情】マウス	小型鼠类（尤指小家鼠属）；（计）鼠标	작은 집쥐, 생쥐；（컴퓨터） 마우스
1137	1101-1200	nadlo	6	15	21	{Ｂ}【機】（レコード・注射器・手術用などの）針, （計器の）指針, 磁針, （小銃の）撃針; エギーユ（鋭くとがった岩峰）, >>kudrilo, >>〜, >>montrilo	针；指针；磁针；击针；唱针；注射针	계기·주사기·나침반 등에 쓰는 바늘, 지침, 자침, 격침
1141	1101-1200	naski	11	10	21	{Ｂ}［他］（女性が）生む, 出産する, >>〜; 《転》生み出す, 生じる	生育	아기를 낳다
1144	1101-1200	naĝi	8	10	18	{Ｂ}［自］泳ぐ; （水面に）浮かぶ, 漂う, 流れる; 《転》浸る, つかる	游；漂	헤엄치다, 수영하다
1148	1101-1200	nebulo	10	8	18	{Ｂ}【気】霧, もや; 《転》霧状のもの, 朦朧とした状態	雾	안개, 흐릿한 상태
1167	1101-1200	nigra	22	21	43	{Ｂ}黒い, 黒色の, 黒ずんだ; 暗い, 闘の, 曇った; 《転》陰気な; 《転》悪意のある; 《転》邪悪な; 《転》不正な	黑色的；（转）阴暗的，邪恶的，不正的	검은, 흑색의, 《전》음침한, 사악한, 불법적인
1171	1101-1200	nodo	45	42	87	{Ｂ}結び目, 結び; 交点, 交差点; 要所, 核心; （動植物の）節, こぶ; 【解】結節; 【天】交点; 【理】（定常波の）節, ><〜; 【光】節点; 【海】ノット; 【情】節点, ノード, >>ret〜	结，交点；要点；（计）节点；（航海）节（速度单位）	매듭, 교점, 요점, 【물리】파동의 마디, 【항해】노트（속도 단위）, （컴퓨터）노드
1176	1101-1200	normala	8	13	21	{Ｂ}正常な, 正規の, 普通の, 標準的な; 【数】垂直の; 【統】正規の	正常的，标准的；（数）垂直的；（统）正态的	정상적인, 보통의, 표준적인
1177	1101-1200	noto	13	18	31	{Ｂ}覚え書, メモ; （本の）注, 注解; （学業の）評点; 【楽】音符; 《転》様子, 調子	笔记，摘记；注释；评语	메모, 짧은 기록
1181	1101-1200	nubo	11	11	22	{Ｂ}【気】雲; 雲状のもの; 《転》暗雲	云	구름
1185	1101-1200	nun	13	13	26	{Ｂ}［副］いま（今）, 現在; 今や, その時; さて, では; 現在では, 今では	现在	지금
1189	1101-1200	objekto	9	17	26	{Ｂ}物体, もの, 品物, >>aĵo; 対象, 目的, 題材; 【Ｇ】目的語; 【哲】客体, 対象	物体；对象；目的；题材；【语法】宾语	물체, 대상, 목적, 제재, 【문법】목적어
1195	1101-1200	odori	10	7	17	{Ｂ}［自］においがする, におう, かおる; ［他］～のにおいを放つ; 《転》気配がある	发出气味	냄새가 나다, 냄새를 풍기다
1197	1101-1200	oferi	11	13	24	{Ｂ}［他］【宗】（神に）ささげる, 供える; 犠牲にする, 費やす; （人などに）ささげる, 進呈する, >>〜	供奉，献祭；牺牲，贡献	신에게 제물을 바치다, 희생하다
1210	1201-1300	ombro	13	12	25	{Ｂ}陰（かげ）, 日陰; 影（かげ）, 影法師; 陰影, 暗部; 《転》闇, かげり; 亡霊	阴影，影子；（转）阴霾，阴暗面	그늘, 그림자; (비유) 어두운 기운
1211	1201-1300	ondo	14	14	28	{Ｂ}波; 波状のもの; 《転》波, うねり; 【理】波	波浪，浪潮	물결, 파도
1216	1201-1300	oranĝo	10	10	20	{Ｂ}【果】オレンジ; 《般》ミカン（蜜柑）, >>mandarino	柑，橙，橘	오렌지, 귤류 과일
1218	1201-1300	ordo	25	22	47	{Ｂ}順序, 順番, 序列; 秩序, 整頓; 社会秩序, 治安; 【数】次数; 【軍】隊形; 【建】オーダー, 柱式; 【生】（分類学上の）目（もく）	次序，秩序；（军）队形；（建）柱式；（生）目	순서, 질서, 【군사】대형, 【건축】주식(柱式), 【생물】목(目)
1220	1201-1300	orelo	14	14	28	{Ｂ}耳; 耳状のもの; 【解】耳; 《転》聴覚	耳朵	귀
1222	1201-1300	organo	15	15	30	{Ｂ}【解】器官, 臓器; 【機】装置; 機関紙, 機関誌; （国家・政党などの）機関, 機構	器官；机关报	몸 안의 기관, 장기
1228	1201-1300	oro	18	17	35	{Ｂ}金, 黄金, 金貨; 【化】金; 《転》富, 金銭; （金のように）貴重なもの; 【遊】（将棋の）金将	金，黄金；金钱，财富	금, 황금; (비유) 부, 재물
1232	1201-1300	ovo	10	10	20	{Ｂ}卵（たまご）, 鶏卵; 【生】卵（らん）, >>frajo	卵，蛋	알, 달걀
1234	1201-1300	paco	10	8	18	{Ｂ}平和; 平安, 治安; 和解; 平穏, 安らぎ	和平，平安	전쟁이나 분쟁이 없는 상태
1238	1201-1300	pala	6	10	16	{Ｂ}（顔が）青ざめた, 青白い, 血の気のない; 色の薄い, 光の弱い; 《転》生気のない	苍白，灰白，暗淡；乏味	얼굴이 창백한
1240	1201-1300	palpebro	10	10	20	{Ｂ}まぶた; 【解】眼瞼（がんけん）; 《転》目	眼皮，眼睑	눈꺼풀, 안검
1244	1201-1300	pano	7	10	17	{Ｂ}【料】パン, 食パン; 《転》糧（かて）, 食糧	面包；生计	밀가루반죽을구운빵
1251	1201-1300	paradizo	15	16	31	{Ｂ}【宗】天国, >>Edeno, >>sukavato; 《転》極楽, 楽園	乐园，天堂，天国	천국, 낙원
1255	1201-1300	parko	13	16	29	{Ｂ}公園; 大庭園; 狩猟園; （軍・工業）集積所, 置き場; 【車】駐車場	公园；临时汽车停放场	공원
1258	1201-1300	paroli	9	10	19	{Ｂ}［自・他］話す, しゃべる; ［自］話しをする; 表現する, 物語る; せりふを言う	说话，演讲，交谈	말하다, 이야기하다
1259	1201-1300	partio	17	13	30	{Ｂ}【政】党, 政党; 陣営, 党派; （訴訟・契約の）当事者; 【遊】勝負, 競技	党，政党	정치적으로 같은 입장을 가진 집단, 정당
1260	1201-1300	parto	12	9	21	{Ｂ}部分, 一部; 分け前, 分担; 【楽】声部, パート	（整体的）一部分	전체의 한 부분, 몫
1267	1201-1300	pastro	9	10	19	{Ｂ}【宗】聖職者, 僧; 【キ】司祭（カトリック）, 牧師（プロテスタント）	牧师，教士，神父	기독교성직자, 사제나목사
1270	1201-1300	patrono	5	12	17	{Ｂ}後援者, （芸術家の）保護者, パトロン, >>sponsoro; 【キ】守護聖人	保护人，监护人；赞助人；守护神	후원자
1271	1201-1300	paĝo	12	9	21	{Ｂ}【印】ページ, 紙面, 誌面; 《転》（歴史上の）事件, 時期, （作品の）一節	页（一面）	책의 한 면, 페이지
1274	1201-1300	peco	12	13	25	{Ｂ}一片, 一切れ, 一つ; 破片, 断片; （機械などの）部品; （全体の中の）一部分, 一品; （芸術）作品	片，块；件	전체에서 떼어낸 한 조각
1275	1201-1300	pejzaĝo	7	10	17	{Ｂ}風景, 景色, 眺め; 【美】風景画; 景観	风景，景色；风景画	경치, 풍경
1277	1201-1300	peli	13	10	23	{Ｂ}［他］追う, 追いたてる; 追いかける; （状態に）駆り立てる, 追いやる; 【機】駆動する	赶，驱	가축이나 사람을 쫓아 몰다, 내쫓다
1281	1201-1300	peni	10	8	18	{Ｂ}［自］努める, 努力する, 苦労する, 骨を折る, >>〜, >>strebi	努力，费力	애를 쓰다, 힘써 노력하다
1288	1201-1300	perdi	10	8	18	{Ｂ}［他］失う, なくす; 見失う; （勝負に）敗れる; 空費する	失去	소유하던 것을 잃다
1290	1201-1300	perfekta	10	10	20	{Ｂ}完全な, 完璧な, 申し分のない, >>senmanka, >>〜, >>〜	完美的，完善的；地道的	완전하고 흠잡을 데 없이 훌륭한
1292	1201-1300	periodo	17	11	28	{Ｂ}期間, 時期, 時代; 【理】周期; 【地質】紀; 【修】総合文	周期，时期，时代，阶段	기간, 시기; (물리) 주기; (지질) 기
1293	1201-1300	perlo	10	10	20	{Ｂ}真珠; 《転》貴重なもの, 精華; =bido	珍珠	진주
1295	1201-1300	persekuti	10	10	20	{Ｂ}［他］追いまわす, 追跡する; 迫害する, 虐待する; 【法】起訴する, 訴追する	追逼，逼逐，迫害	박해하다, 집요하게 괴롭히다
1297	1201-1300	persisti	15	14	29	{Ｂ}［自］根気よく続ける, 頑張る, ねばる, 固執する, >>〜, >>obstini; 持続する, 長く残る	坚持（不懈）	끈질기게 계속되다
1298	1201-1300	persono	12	13	25	{Ｂ}人（個人）, 人物; 【劇】登場人物; 【Ｇ】人称	人，个人	사람
1301	1301-1400	petoli	10	7	17	{Ｂ}［自］跳ね回る, じゃれる, はしゃぎ回る; たわむれる, いたずらをする, ふざける, 浮かれ騒ぐ; いちゃつく	玩耍，淘气	까불며 장난치다, 즐겁게 떠들며 놀다
1303	1301-1400	peza	11	9	20	{Ｂ}重い; 重さがある; 《転》重苦しい; 重々しい	重	무게가 크고 무거운
1306	1301-1400	piedo	11	15	26	{Ｂ}【解】足（足首から先）; （一般に）足, （動物の）脚; （物体の）脚部, 下部, 基部; 【文】詩脚	足（脚踝以下）；（物体）底部、脚部；（诗）音步	발, 발목부터 끝까지의 부분
1313	1301-1400	pinĉi	8	13	21	{Ｂ}［他］（指などで）つまむ, はさむ, つねる; （動物が草を）はむ; （芽などを）摘む; 【楽】（琴などを）つま弾く	捏，夹，掐，拧，啃，弹，拨	손가락으로꼬집다, 집다
1314	1301-1400	pioniro	5	13	18	{Ｂ}開拓者, パイオニア; 先駆者, 草分け; 【軍】工兵; （旧ソ連の）ピオネール	工兵；拓荒者；先锋；创始者	선구자, 개척자
1320	1301-1400	plafono	15	12	27	{Ｂ}天井; 【気】雲高; 【空】上昇限度; 《転》最高限度, 上限	天花板；（转）上限	천장; (비유) 상한, 최고 한도
1323	1301-1400	plano	9	13	22	{Ｂ}計画, 設計, 立案, 構想; 設計図, 見取り図; （絵画・写真での）景, 遠近; 【映】ショット, カット	平面图；计划；景深；镜头	계획, 설계도, 【영화】쇼트
1326	1301-1400	plata	8	11	19	{Ｂ}平たい, 薄い, 厚みのない; 平らな, 平坦な, 起伏のない; 《転》平板な	扁；平，平坦	평평한, 납작한
1338	1301-1400	plumo	12	12	24	{Ｂ}羽根, 羽毛, >>lanugo; 鵞ペン, 羽根ペン; ペン, ペン先	羽毛，钢笔（尖）	새의 깃털
1350	1301-1400	ponto	7	11	18	{Ｂ}橋; 【海】船橋, ブリッジ; 【楽】（弦を支える）駒（こま）; 《転》懸け橋, 橋渡し	桥；【海】驾驶台；【乐】琴马	다리, 【해운】선교, 【음악】줄받침
1357	1301-1400	porti	12	15	27	{Ｂ}［他］持っている（運ぶ）, 抱えている; 持ち運ぶ, 持って行く; 身につけている, 携帯する; （責任などを）負う, 担う; （心に）抱く	携带；搬运，载	운반하다, 지니다
1363	1301-1400	potenco	11	9	20	{Ｂ}威力, 強さ; 勢力, 権力, 支配力; 《転》強国; 【数】累乗, べき	力量，权力；强国；（数）幂	힘, 권력; (국가) 강국; (수학) 거듭제곱
1366	1301-1400	pozicio	8	10	18	{Ｂ}位置, 立場, 地位; 姿勢; 【軍】陣地	位置，姿势，阵地，社会地位	위치, 입장
1377	1301-1400	preni	3	12	15	{Ｂ}［他］手に取る, つかむ; 取りあげる, 奪い取る; 取る, 得る, 選ぶ; 受け取る, 受け入れる; ～を～と見なす, 取り違える	拿；取；接受；选择；采用；把…当作	잡다, 취하다, 얻다, 받아들이다, 선택하다, …으로 간주하다
1378	1301-1400	prepari	17	14	31	{Ｂ}［他］準備する, 用意する, 支度する; 【薬】調合する; 【情】（ディスクを）初期化する, フォーマットする; 覚悟をさせる, 心構えをさせる, >>pretigi	准备；调制；（计算机）格式化	미리 준비하다; (약학) 조제하다; (정보) 포맷하다
1385	1301-1400	prezenti	5	16	21	{Ｂ}［他］差し出す, 見せる, 提示する, 提出する; 紹介する; 思い描く; 描き出す; 上演する, 上映する; （様相を）呈する, 示す	提交；出示；呈现；介绍；描写；演出	보여주다, 제출하다, 소개하다, 묘사하다, 공연하다
1391	1301-1400	princo	13	17	30	{Ｂ}（小国の）君主, 公; 王子, 皇子, =reĝido; 公爵, >>duko; 《転》第一人者	君主，诸侯；王子，亲王，王侯	군주, 왕자, 공작
1403	1401-1500	profunda	14	13	27	{Ｂ}深い, 底の深い, 奥深い; 深部に達する, 深々とした; 《転》深遠な, 深層の; 深刻な, 根深い, 極度の	深，深刻，深远，深沉	물리적으로 깊은, 또는 사상·감정이 심오한
1404	1401-1500	programo	12	17	29	{Ｂ}プログラム, 演目, 式次第, 番組; 日程, 予定; 学習計画, 授業計画; 【政】綱領; 【情】プログラム	程序表，节目单；大纲，提纲；议程；程序	프로그램; 진행 순서나 일정 계획
1406	1401-1500	projekto	6	10	16	{Ｂ}計画（プロジェクト）, 企画; 案, 草案, 議案; 【機】設計図	打算，设想，计划；方案，草案	계획이나 안, 초안
1415	1401-1500	prosperi	0	10	10	{Ｂ}［自］栄えている, 繁栄している, 繁盛している, 繁茂している; うまくいく, 成功する, >>〜	繁荣，昌盛；兴隆；茂盛；欣欣向荣；幸运，成功	번창하다, 번영하다
1432	1401-1500	punkto	16	17	33	{Ｂ}点; 地点; 句点; 要点; 【数】点; 【印】（活字の）ポイント; 【情】ピリオド, ドット（．）	点；地点；句点；要点；（数）点	점, 지점, 마침표, 요점, 【수학】점, 【인쇄】포인트
1433	1401-1500	pupo	19	19	38	{Ｂ}人形; 指人形, =〜; 【虫】さなぎ（蛹）; 《転》（軽蔑的に）お人形, >>marioneto	洋娃娃，木偶	장난감 인형
1434	1401-1500	pura	15	16	31	{Ｂ}混じりけのない, 純粋な, 澄んだ; 清らかな, 清潔な, きれいな; 純真な, 純潔な; 【宗】清められた, 清浄な	纯；干净	섞임 없는 깨끗한
1440	1401-1500	radiko	14	12	26	{Ｂ}根（ね）; 根元（ねもと）; 《転》根本; 【Ｇ】語根; 【数】根（こん）	根；词根；方根	뿌리; (언어) 어근; (수학) 근
1441	1401-1500	radio	21	25	46	{Ｂ}光線; 【理】（熱線・Ｘ線などの）線, 放射線; 放射状のもの; 【数】半径; 【機】スポーク; 《転》光明, 輝き / ラジオ放送; ラジオ放送局; =>ラジオ受信機	光线，射线；无线电广播；收音机；广播电台；半径；辐条	빛의 줄기, 광선；라디오（방송）；（수학） 반지름；바퀴살
1453	1401-1500	rato	13	7	20	{Ｂ}【動】クマネズミ（熊鼠）（属）, ドブネズミ（溝鼠）; 《般》（比較的大型の）ネズミ, >>〜	家鼠	쥐, 특히 집이나 하수구에 사는 큰 쥐
1456	1401-1500	re-	12	12	24	{Ｂ}［接頭辞］（再び・元へを示す）, >>〜vidi, >>〜foje, >>〜doni, >>〜brili	返回；再，重新	다시 함, 되돌아감을 나타내는 접두사
1462	1401-1500	redukti	14	22	36	{Ｂ}［他］削減する, 縮小する, 縮写する; （人を悪い状態に）追いやる; 【写】減力する; 【化】還元する; 【医】整復する	减少，减小，缩小，降低；使成为；使还原	줄이다, 축소하다
1465	1401-1500	regiono	13	12	25	{Ｂ}（地理的な）地方, 地域; 【解】（身体の）部位; 《転》領域, 範囲, 分野	地区，区域	지역, 지방, 영역
1466	1401-1500	regno	21	19	40	{Ｂ}【法】（国際関係上の主権を有する）国, 国家, >>〜, >>〜, >>〜; 【生】（分類学上の）界	国，国家	주권을 가진 국가, 나라
1469	1401-1500	rekta	15	16	31	{Ｂ}まっすぐな, 一直線の; 直立した, 垂直の, >>〜; 直接の, 直行の, >>senpera	直，直达，直接	곧은, 일직선인
1477	1401-1500	renversi	7	12	19	{Ｂ}［他］逆さにする, 転覆させる, ひっくり返す; 倒す, 転倒させる; 《転》（秩序などを）覆す, 打倒する	翻转，颠倒，推翻；颠覆	뒤엎다
1486	1401-1500	revizii	17	18	35	{Ｂ}［他］検査する; 再検討する, 見直す, 修正する; 【印】校正する, 校訂する, 校閲する; 【法】再審する; 【機】保守点検する	复查，重新审查；修订，校订；（法）再审	재검토·점검하다; 수정·교정하다; (법) 재심하다
1487	1401-1500	revuo	11	17	28	{Ｂ}専門雑誌, 評論雑誌; 評論; 【軍】閲兵, 閲兵式; 【劇】レビュー, 風刺劇	检阅；述评，综述；杂志	전문 잡지
1489	1401-1500	rezisti	8	11	19	{Ｂ}［自］抵抗する, 反抗する; 耐える; 【理】抵抗を示す, 耐性を示す	抵抗，反抗，抗拒，抵制	저항하다
1492	1401-1500	reĝimo	20	17	37	{Ｂ}【政】政体; 制度, 体制; 【機】作動状態; 【情】モード, >>enŝova, >>superskriba	政体，体制；（机械）工作状态；（计算机）模式	정치 체제; (기계) 작동 상태; (정보) 모드
1493	1401-1500	reĝo	14	11	25	{Ｂ}王, 国王; 《転》王者, 第一人者; 【遊】（トランプやチェスの）キング, （将棋の）王将, 玉将	王，国王	나라를 다스리는 최고 지배자, 국왕
1494	1401-1500	ricevi	14	14	28	{Ｂ}［他］受け取る, もらう, 得る; 受ける, 受け入れる; こうむる, 経験する; 【通】受信する	收到，得到，受	물건·편지·신호 등을 받다
1498	1401-1500	rigardi	9	13	22	{Ｂ}［他］見る, 眺める, 注目する, 目を向ける; 確かめる, 注意を向ける; 考える, みなす; 面している, 向いている	看；看待；面向	보다, 간주하다, 향하다
1509	1501-1600	ripo	18	22	40	{Ｂ}【解】肋骨（ろっこつ）, あばら骨; 【植】葉脈, =nervuro; 【織】うね; 【機】リブ, 補強材; 【海】肋材	肋骨；【植】叶脉；【机】肋板，加强筋	갈비뼈, 【식물】잎맥, 【기계】리브, 보강재
1513	1501-1600	ritmo	7	13	20	{Ｂ}リズム, 律動, 周期的変動; 【楽】リズム; 【文】韻律	律动；韵律，格律；节奏	음악적 리듬
1515	1501-1600	rizo	8	12	20	{Ｂ}【植】イネ（稲）（種）; 《般》米（粒）; 【料】米飯, ライス	稻属植物；稻粒，大米；米饭	벼에서 얻는 곡물, 쌀
1520	1501-1600	romano	13	15	28	{Ｂ}小説, 長編小説, ロマン; 【史】ロマンス（中世の騎士物語） / 【史】ローマ人; ローマ市民	长篇小说；传奇故事	장편 소설
1521	1501-1600	rompi	12	12	24	{Ｂ}［他］破壊する（壊す）, 割る, 折る, 破る; 断つ, 断絶する; 《転》（勇気・無関心などを）打ち破る, 打ち砕く	打破，毁坏	깨뜨리다, 부수다
1525	1501-1600	rozo	20	19	39	{Ｂ}バラ（の花）; 【植】バラ（薔薇）（属）; 《転》バラの花の形をしたもの; 【建】バラ窓; （羅針盤の）方位盤; （じょうろの）散水口	蔷薇；（建）玫瑰窗	장미; (건축) 장미창
1528	1501-1600	ruli	11	9	20	{Ｂ}［他］転がす; （波などを）うねらせる; （音などを）ふるわせる; 【情】（プログラムを）実行する	滚动，转动	물체를 굴리거나 굴러가게 하다
1530	1501-1600	ruĝa	17	16	33	{Ｂ}赤い, >>skarlata, >>punca, >>roza; 《転》左翼の	红色	붉은, 빨간
1539	1501-1600	salo	17	17	34	{Ｂ}塩; 【料】食塩; 【化】塩（えん）; 《転》ぴりっとした味, 機知	盐，食盐	소금, 식염
1541	1501-1600	salti	16	15	31	{Ｂ}［自］跳ぶ, 跳び上がる, 跳躍する; 飛び移る, 飛びのく; 《転》飛躍する; 《転》急増する	跳	뛰어오르다, 도약하다
1546	1501-1600	sango	16	18	34	{Ｂ}血, 血液; 《転》血統, 血筋; 《転》熱血, 血気; 《転》流血, 殺傷	血；血统	피, 혈액
1550	1501-1600	savi	11	9	20	{Ｂ}［他］救う, 救助する, 救命する; （破壊などから）守る, 保全する; 【宗】救済する	救，挽救	위험에서 구해내다, 목숨을 구하다
1551	1501-1600	saĝa	10	9	19	{Ｂ}賢い, 賢明な, 聡明な, 思慮深い, 利口な, >>〜, >>〜	聪明，明智，有理智的	현명하고 지혜로운, 사려 깊은
1553	1501-1600	sceno	14	13	27	{Ｂ}【劇】場; 《転》場面, 光景, シーン; 《古》=〜ejo	舞台，场，场次	연극이나 공연이 이루어지는 무대
1557	1501-1600	sed	18	17	35	{Ｂ}［接］しかし, だが, けれども, >>〜, >>kontraŭe, >>male, >>〜	但是	그러나, 하지만
1560	1501-1600	sekcio	9	11	20	{Ｂ}部, 課, 部門, 部会, セクション, >>〜; （文書の）節, 段, （バス路線などの）区間	组，科，室，股，处	기관의 부서, 과
1563	1501-1600	sekso	14	12	26	{Ｂ}性, 性別; （総称として）男性, 女性; 性に関する事, セックス; 《古》=genro（文法的性）	性，性别	사람의 성별, 남녀의 구분
1566	1501-1600	sekvi	10	12	22	{Ｂ}［他］後について行く, つきまとう; 従う, 追従する; 次に来る, 後に続く; （議論などに）ついていく, 注意して聴く	跟随；遵循	뒤따르다, 따라가다
1568	1501-1600	semo	19	17	36	{Ｂ}【植】種子; 《転》種（たね）; 子だね, =spermo; 《転》子孫, 血族	种子	식물의 씨앗, 종자
1572	1501-1600	senso	10	10	20	{Ｂ}【生】感覚（機能，五感の各々）, 知覚; 《般》感覚, センス	感觉，官能	감각, 지각
1577	1501-1600	serio	25	22	47	{Ｂ}連続, ひと続き, 続き物, シリーズ; 【化】系列; 【理】直列, >>〜; 【数】級数; 【地質】統（とう）	系列；（理）串联；（数）级数	연속, 시리즈; (물리) 직렬; (수학) 급수
1579	1501-1600	serpento	9	10	19	{Ｂ}【動】ヘビ（蛇）; 《転》陰険な人; 【楽】セルパン（古い管楽器）	蛇；《转》阴险的人	뱀, 《전》음흉한 사람
1584	1501-1600	severa	13	14	27	{Ｂ}厳しい, 厳格な; 容赦のない, 過酷な; 猛烈な, 深刻な; 《転》簡素な, 無駄のない	严厉，严酷，严格	엄격한, 가혹한
1588	1501-1600	sidi	8	12	20	{Ｂ}［自］座っている; 腰掛けている; 止まっている, じっとしている; （ある状態に）ある; （ある場所に）いる, 位置する; （服などが）似合っている	坐着；位于；坐落；（衣服）合身	앉다, 앉아 있다, 자리잡다, 위치하다, （옷이）맞다
1589	1501-1600	signalo	9	10	19	{Ｂ}信号, 合図; 標識; 【電】信号	信号，信号装置	신호
1590	1501-1600	signifi	5	11	16	{Ｂ}［他］意味する, 表す; 等価である; ～の現れである, ～の兆しである; 意味がある	义为；意味着；预示	의미하다
1591	1501-1600	signo	5	14	19	{Ｂ}しるし, 目印; 合図, 身ぶり; 記号, 符号; 【情】文字, =〜	标记；征兆；痕迹；踪迹；符号	표시, 신호, 기호, 징조
1592	1501-1600	silenti	10	6	16	{Ｂ}［自］黙っている, 口をつぐむ; 静かにしている, 音を立てない; 《転》休止している	沉默	말하지 않고 조용히 있다, 침묵하다
1597	1501-1600	simpla	13	15	28	{Ｂ}単純な, 簡単な; 単一の; 単なる, ただの; 簡素な, 飾りけのない; 純朴な, お人よしの	单一；简单	단순한, 간단한
1601	1601-1700	sistemo	17	15	32	{Ｂ}体系, システム, 系統; 制度, 組織, 方式; 【理】系; 【学】単位系	体系，系统，制度	유기적으로 짜인 전체 구조, 체계
1602	1601-1700	situacio	12	12	24	{Ｂ}事態, 局面, 情勢; （社会的）位置, 立場, 状況; 【劇】場面, シチュエーション	（常指不利的）处境，状况，局面	형편, 처지, 상황
1603	1601-1700	skalo	13	14	27	{Ｂ}尺度, 目盛, 縮尺; 《転》規模, スケール; 【楽】=gamo（音階）	等级，刻度，比例（尺）	눈금, 척도
1608	1601-1700	skribi	14	12	26	{Ｂ}［他］書く, 記す; 書き表す, 記述する; 手紙を書く; 【情】書き込む	写	글을 쓰다, 적다
1617	1601-1700	sojlo	12	11	23	{Ｂ}【建】敷居; 門口; 【理】しきい値; 《転》始まり, 出発点	门槛；（物理）阈值；起点	문턱; (물리) 임계값; 시작점
1624	1601-1700	soni	10	8	18	{Ｂ}［自］音がする, 音を立てる, 鳴る; ひびく, 聞こえる, 感じられる; （時などを）告げる	发声	소리가 나다, 울리다
1627	1601-1700	sorbi	8	10	18	{Ｂ}［他］（液状のものを）すする, 吸う, 飲む, 吸い込む; 吸い取る, 吸収する; 《転》（思想などを）吸収する	吸进；吸入，吸收	액체를 빨아들이거나 흡수하다
1630	1601-1700	sovaĝa	11	12	23	{Ｂ}野生の; 未開の; 野蛮な; 《転》粗野な, 粗暴な	野生，原始	야생의
1638	1601-1700	spico	11	8	19	{Ｂ}【料】香辛料（原料）; 薬味, 調味料, >>kondimento	香料	요리에 쓰는 양념, 향신료
1640	1601-1700	spiri	12	10	22	{Ｂ}［自］呼吸する, 息をする; ひと息つく; 《転》発散する, 表す, =〜	呼吸	숨을 쉬다, 호흡하다
1641	1601-1700	spirito	26	25	51	{Ｂ}精神（霊魂）, 霊, 心; 魂, 霊魂, 亡霊; 精, 精霊; 気風, 気質, >>〜, >>〜, >>〜	精神（反：物质），灵魂	정신, 영혼, 기풍
1644	1601-1700	spuro	6	10	16	{Ｂ}足跡, =piedsigno; 痕跡; 【理】飛跡	足迹；痕迹，遗迹，迹象	발자국, 흔적
1645	1601-1700	stacio	11	15	26	{Ｂ}駅, 停車場; 保養地, 滞在地; 放送局, 電話局, 観測所; 局, 署, 所, 施設	车站；站，台，局	역, 정거장
1648	1601-1700	standardo	12	9	21	{Ｂ}（国家・軍隊などを象徴する）旗, 国旗, 軍旗, 連隊旗, 団旗; 《転》旗印, >>〜	国旗，党旗等	국가·군대를 상징하는 깃발, 국기, 군기
1649	1601-1700	stango	9	12	21	{Ｂ}棒（さすまた等）, さお, 柱, >>〜, >>〜, >>〜	竿，杆，柱，棒，棍，柄	막대기, 장대, 기둥
1651	1601-1700	stari	11	5	16	{Ｂ}［自］立っている; ある, いる; 立ち止まっている, 静止している; （ある状態に）ある	站着	똑바로 서 있다, 그대로 어떤 상태에 있다
1652	1601-1700	stato	9	10	19	{Ｂ}状態, 様子, 有様, 身分, >>〜; 【化】（物質の）態（固体・液体・気体）	境况，状态；地位	사물이나 사람의 상태, 형편
1655	1601-1700	stelo	9	10	19	{Ｂ}【天】星; 星印, 星形; 【Ｅ】ステーロ（仮想の通貨単位）	星；星号，星形	별, 별표, 별 모양
1657	1601-1700	stilo	11	13	24	{Ｂ}文体; 【建】【服】様式; 流儀, スタイル	文笔，文风，风格	문체
1659	1601-1700	stranga	22	23	45	{Ｂ}奇妙な, 変な, 不思議な, おかしい, 異様な, >>bizara, >>〜, >>originala, >>ekstravaganca, >>〜	奇怪，奇异，奇特	이상한, 기묘한
1665	1601-1700	studi	11	10	21	{Ｂ}［他］研究する, 調べる, >>〜; （学問を）勉強する, >>〜	研究，攻读	연구하거나 학문을 공부하다
1669	1601-1700	subjekto	6	13	19	{Ｂ}主題, 題目, 論題; 【Ｇ】主語; 【哲】主体	主语；主体，自我；病人，受验者	주제, 논제
1680	1601-1700	sumo	8	14	22	{Ｂ}合計, 総計; 金額, 総額; 【数】和; （学問的）集大成, 大全	和数，总合；钱数；概要	합계, 총액
1689	1601-1700	surtuto	12	11	23	{Ｂ}【服】オーバー（外套）, 外套（がいとう）, コート, >>〜, >>kaftano	（男式）大衣，外套	남성용 외투, 코트
1696	1601-1700	tablo	11	11	22	{Ｂ}テーブル, 机, 卓, 台; 食卓; 《転》食事, 食卓を囲む人々	桌，台	탁자, 식탁
1703	1701-1800	talio	13	10	23	{Ｂ}（人体・服の）胴, 胴体; 腰回り, 腰（のくびれた部分）, ウエスト, >>〜, >>〜	腰，腰部	허리, 옷에서 허리가 되는 부분
1717	1701-1800	telero	11	9	20	{Ｂ}皿, 取り皿, >>〜; （皿に盛った）料理, 一品; 《転》皿状のもの	盘、碟、盆，盘状物	음식을 담는 접시, 접시 모양의 것
1721	1701-1800	tempo	18	17	35	{Ｂ}時間, 時; 時代, 時期, ころ; 【学】標準時; 【Ｇ】時制	时间	시간, 때
1724	1701-1800	teni	7	16	23	{Ｂ}［他］手に持っている, つかんでいる, 腕に抱えている; 支える, つなぎとめる; 保有する, 保管する, 取っておく; （～の状態に）保つ, しておく, 維持する; 養う, 飼う	持，握；容纳；保持；维持；饲养	손에 들고 잡다, 유지하다, 기르다
1728	1701-1800	tereno	18	17	35	{Ｂ}（特定用途に仕切られた）土地, 用地, 敷地, 区画, 地域, ～場; 地所; 《転》領域, 分野, 活動の場, 地歩, >>〜; 【地質】地層	（用于特定活动的）地面，场所，场地；《转》领域，阵地	특정한 목적을 위한 땅, 부지, 장소, 《전》영역, 분야
1729	1701-1800	teritorio	14	15	29	{Ｂ}【政】領土, 領地; 管轄区域, 管区, 地域; 【動】縄張り, テリトリー	领土，版图，国土	영토, 세력권
1731	1701-1800	tero	21	21	42	{Ｂ}地球; 地面, 地表, 大地; 陸, 陸地; 土地; 土, 土壌; （天国に対して）現世; 地上の人々	地，陆地	땅, 지면
1732	1701-1800	teruro	10	8	18	{Ｂ}恐怖, 非常な恐ろしさ, 脅威, >>timego; 《転》恐怖の的	恐惧，恐怖	극심한 공포, 무시무시한 두려움
1746	1701-1800	tipo	19	17	36	{Ｂ}型, 類型, タイプ; 典型; 原型; 【機】型式; 【印】活字; 【情】字体	典型，典范；类型；字模	유형, 전형; (인쇄) 활자; (정보) 글꼴
1747	1701-1800	tiri	5	10	15	{Ｂ}［他］引く, 引っ張る, 引き寄せる; 引き出す, 取り出す; 引き伸ばす; 引いて行く, 引きずる	拖，拉，拽；抽出；拉长	끌다, 끌어당기다, 뽑아내다, 늘이다
1751	1701-1800	tolo	12	8	20	{Ｂ}【織】リンネル, リネン, 亜麻布, 麻布; （一般に）布; （製本用）クロース; 画布	布；画布	린넨 계통의 천, 직물; 화포용 천
1756	1701-1800	tono	39	36	75	{Ｂ}【楽】（一定の音高の）楽音, 音; 【楽】主音, =toniko; 【楽】全音; 【声】声調; 口調, 語調; 色調, 色合い, トーン; 調子; 【写】（画像の）色調	乐音，语调，腔调，色调	소리의 높낮이, 어조; 색조, 톤
1759	1701-1800	tradicio	7	11	18	{Ｂ}伝統, しきたり; 伝承, 口承; 【宗】聖伝, 口伝	传统，惯例；口传，传说	전통, 관습
1761	1701-1800	trafi	15	14	29	{Ｂ}［他］（人が）命中させる, 当てる; （物が）命中する, 当たる; （物に）ぶつかる; 《転》（災いなどが）襲う; （偶然に）出くわす	命中，触及	표적을 정확히 맞히다
1764	1701-1800	trajno	13	13	26	{Ｂ}【鉄】列車, >>vagonaro; 【軍】輜重隊（しちょうたい）, 補給部隊	列车，火车	열차, 기차
1769	1701-1800	tranĉi	24	24	48	{Ｂ}［他］切る, 断つ; 切り分ける; 《転》横切って進む; 《転》鋭く刺激する; 【遊】（札を）切る; 【運】（ボールを）カットする	砍，切，剪	무언가를 자르거나 베다
1774	1701-1800	treni	13	13	26	{Ｂ}［他］引きずる, 引きずって行く; 牽引する, 引っぱる; 《転》（つらいことに）耐えて過ごす; 【情】（マウスで）ドラッグする	拖，拉，拽，牵引	끌다, 질질 끌고 가다
1775	1701-1800	trezoro	10	10	20	{Ｂ}宝, 宝物, 秘宝; 富, 財宝; 《転》貴重な物, 大事な人	宝藏，财宝，珍宝	보물, 귀중한 것
1784	1701-1800	trovi	10	10	20	{Ｂ}［他］見つける, 見いだす, 発見する; 認める, 気づく, 感じる; （～と）思う, 評価する	发现，找到	찾아내다, 발견하다
1786	1701-1800	trunko	27	25	52	{Ｂ}【植】幹（みき）; 【解】体幹, 胴体; 【解】幹（かん）; 【数】（円錐台などの）台; 【建】柱身; 【海】錨幹（びょうかん）	树干，躯干；（数）截头体；（建）柱身	나무줄기, 몸통; (수학) 절두체; (건축) 기둥몸체
1787	1701-1800	truo	13	12	25	{Ｂ}穴（貫通した穴）, 孔; （動物の）巣穴; 【運】（ゴルフの）ホール; 《転》欠陥	洞，孔，穴	작은 구멍이나 뚫린 곳
1790	1701-1800	tubero	4	10	14	{Ｂ}こぶ; 【解】結節, 隆起; 【植】塊茎	隆起；疙瘩；节疤；块茎	살이나 뼈의 혹, 융기
1791	1701-1800	tubo	24	18	42	{Ｂ}管, 筒, パイプ; 筒型容器, チューブ; 【解】管; 【軍】（砲身の）内筒; 【理】電子管, 放電管	管，筒	속이 빈 관, 통, 파이프 모양의 긴 것
1800	1701-1800	turni	12	9	21	{Ｂ}［他］回す, 回転させる; 向ける; 裏返す, めくる; 《転》変える	转动，使转到	어떤 것을 돌리거나 방향을 바꾸다
1801	1801-1900	turo	14	14	28	{Ｂ}塔, やぐら, 鐘楼; 【運】（高飛び込みの）飛び込み台; 【遊】（チェスの）ルーク, （将棋の）飛車	塔，钟楼	탑, 누각
1804	1801-1900	tuŝi	9	18	27	{Ｂ}［他］触れる, さわる, 接触する; （物が）接する, とどく; 手荒に扱う, 傷つける, 害を及ぼす; （軽く）言及する; 関係がある, かかわる; 感動させる, 心を打つ	碰，触；涉及；提及；打动；影响	만지다, 닿다, 언급하다, 관련되다, 감동시키다
1821	1801-1900	valo	15	13	28	{Ｂ}【地理】谷, 谷間, 渓谷; 流域, =baseno; 【建】（屋根の）谷	（山）谷，谷地	산 사이의 골짜기, 계곡
1822	1801-1900	valoro	11	13	24	{Ｂ}価値, 値打ち; 価格, 値段; 価値ある物; 【数】値（あたい）	价值；值	가치, 값어치
1827	1801-1900	varma	10	11	21	{Ｂ}暖かい, 熱い, 暑い; 熱のある; 《転》熱心な, 熱気のある	热，暖和	따뜻한
1828	1801-1900	varo	11	12	23	{Ｂ}【経】商品, 売り物, >>komercaĵo, >>artiklo	商品，货物	상품
1830	1801-1900	vasta	13	14	27	{Ｂ}広い, 広々とした; （衣服が）ゆったりした; 《転》広範な; 【声】（母音が）開いた	广大，宽广，（衣服）肥大	넓은, 광대한
1832	1801-1900	vazo	27	25	52	{Ｂ}容器, うつわ, つぼ, かめ, 花びん, はち, >>〜, >>〜, >>〜 / 【解】（複合語で）脈管, =angio, >>sango〜	容器，花瓶	꽃병, 항아리, 용기, （해부·복합어）맥관
1837	1801-1900	velo	13	10	23	{Ｂ}【海】帆（ほ）; 【解】帆（はん）, （特に）口蓋帆, =palata 〜	帆	배나 풍차에 다는 돛
1840	1801-1900	veneno	10	10	20	{Ｂ}毒, 毒物, 毒薬, >>tokso; 《転》害毒	毒，毒物	생명을해치는독, 독약
1844	1801-1900	ventro	10	9	19	{Ｂ}【解】腹, 腹部; 【理】（定常波の）腹, ><〜	腹，肚子	몸의 배, 복부
1848	1801-1900	verda	13	15	28	{Ｂ}緑の, 緑色の; 草木の茂った, 青々とした; 生の, 未成熟の, 青い; 【Ｅ】エスペラントの; 【環】環境保護の	绿色的；未成熟的；（语）世界语的；环保的	녹색, 초록색의, 미숙한, 【세】에스페란토의, 친환경적인
1854	1801-1900	vesto	10	9	19	{Ｂ}服, 着物; 衣服, 衣類; 《転》衣（ころも）	服装	옷, 의복
1861	1801-1900	vico	9	11	20	{Ｂ}列, 行列, 並び; 番, 順番; 【数】数列	一列；队列	줄, 차례
1862	1801-1900	vidi	14	13	27	{Ｂ}［他］見る（目に入る）, 見える, 目にうつる; 会う, 面会する; 見て気づく, 認める, わかる; 目撃する	看见	눈으로 보다
1864	1801-1900	vigla	26	24	50	{Ｂ}活発な, 元気な, 快活な, 生き生きした, はつらつとした, >>〜, >>vivoplena, >>rapidaga; 油断のない, 警戒を怠らない, >>observema; 【商】活況の	活跃，生气勃勃；警觉的	활발하고 생기 있는; 경계심 있는
1865	1801-1900	viktimo	10	13	23	{Ｂ}【宗】いけにえ, >>oferaĵo; 《転》犠牲, 犠牲者, 被害者	祭祀用的牺牲；牺牲者，受害者	희생자, 피해자
1872	1801-1900	virga	10	11	21	{Ｂ}純潔な, 童貞の, 処女の; 《転》人手に触れたことのない, 未開発の; 《転》無垢の	童贞的，处女的，未经开垦的，未经污染的	순결한, 성경험 없는
1875	1801-1900	vitro	11	9	20	{Ｂ}ガラス; ガラス板, レンズ, ガラス製品; 【鉱】ガラス質	玻璃	유리, 유리 제품
1876	1801-1900	vivi	18	16	34	{Ｂ}［自］生きている, 生きる, 生存する; 生活する, 暮らす, 住む; 生計を立てる; （動物が）生息する, すむ; 《転》（記憶などに）残る	生活，活	생명이 있어 존재하며 살다
1877	1801-1900	vizaĝo	14	14	28	{Ｂ}顔, 顔面; 顔つき, 顔色; 《転》正面; 《転》表面	面部，面孔	사람의 얼굴
1880	1801-1900	vojaĝi	15	15	30	{Ｂ}［自］旅行する, 旅をする; （公務や外商で）出張する; （鳥などが）渡る, =〜; 《俗》（幻覚剤で）トリップする, 幻覚状態になる	旅行	여행하다
1881	1801-1900	vojo	12	20	32	{Ｂ}道, 道路; 通路, 街道; 道筋, 進路, 経路; 【情】パス, 経路; 《転》行き方, 方法, 手段	道路；路程；途径；方法；手段	길, 도로, 경로, 방법, 수단
1883	1801-1900	voli	13	11	24	{Ｂ}［他］（～する）意志がある, ～したいと思う, ～したがる; （～ことを）望む, 願う; （ものを）欲する, 欲しがる; （～に）行きたい, 行きたがる	愿意，想要	무엇을 바라거나 하고자 하다
1884	1801-1900	volumeno	8	10	18	{Ｂ}【数】体積; 容積, 容量; かさ	体积，容积，容量	부피
1888	1801-1900	vorto	11	11	22	{Ｂ}【Ｇ】語; 単語; 言葉; 約束	词，话	낱말, 단어
1890	1801-1900	voĉo	16	16	32	{Ｂ}声, 声音, 発音; （裁決時の）票, 意見; 【楽】声部; 【Ｇ】態	嗓音，话语，表决	사람이 내는 목소리
1891	1801-1900	vualo	10	10	20	{Ｂ}【服】ベール; 覆い; 《転》覆い隠すもの	面纱，头巾	면사포, 베일
1895	1801-1900	zono	9	10	19	{Ｂ}【服】帯, ベルト, バンド; 帯状に取り巻くもの; 地帯, 圏, 区域	腰带；带，环状物	허리띠나 띠 모양의 구역
1910	1901-2000	ĉelo	23	18	41	{Ｂ}独居房; 【生】細胞; 【虫】（ハチの）巣穴; 【政】細胞; 【理】電子管, セル; 【遊】（チェス盤などの）ます目	小房间，囚室；蜂房，细胞；（政）基层组织（细胞）	독방; (생물) 세포; (벌집) 벌집 칸; (정치) 세포
1912	1901-2000	ĉeno	11	12	23	{Ｂ}鎖, チェーン; 《転》連鎖; 【通】ネット局; （販売店などの）チェーン, 系列	链子，锁链，一连串；联播	쇠사슬, 사슬 모양으로 이은 것
1916	1901-2000	ĉevalo	10	10	20	{Ｂ}【動】ウマ（馬）; 【遊】（チェスの）ナイト, （将棋の）桂馬	马	말[馬]
1923	1901-2000	ĉielo	14	17	31	{Ｂ}空, 大空, 天, >>〜, >>firmamento; 【宗】天, 天国, >>〜	天，天空；【宗】天堂	하늘, 【종교】천국
1930	1901-2000	ĉokolado	12	11	23	{Ｂ}【菓】チョコレート; 【料】ココア（飲料）, >>〜	巧克力（糖果、饮料）	초콜릿, 코코아 음료
1938	1901-2000	ĝermo	7	11	18	{Ｂ}【生】胚; 芽, 芽ばえ; 《転》兆し	胚，幼芽；萌芽，起源	식물의싹, 초기발아상태
1944	1901-2000	ĥoro	7	12	19	{Ｂ}合唱団, 合唱隊; 合唱, 合唱曲, =koruso; 【劇】コロス（古代ギリシャ演劇でそろって歌い踊る一群）	歌舞团；歌舞；歌咏队	합창단, 성가대
1949	1901-2000	ĵurnalo	12	10	22	{Ｂ}（日刊）新聞; 日記, =taglibro; 【情】ログ; 【商】仕訳帳	日报，报纸，日记（帐）；（计）日志	신문, 특히 일간 신문；（컴퓨터） 로그
1956	1901-2000	ŝarĝi	8	10	18	{Ｂ}［他］（～に）荷を積み込む; 【機】負荷をかける; 《転》重荷を負わせる	装载，装满，摆满，使充满	짐을 싣다
1959	1901-2000	ŝelo	19	18	37	{Ｂ}（生物の）外皮, 皮, 樹皮, 殻（から）, 甲; 【海】船体; 【空】（航空機の）機体 / 【情】シェル, =komandinterpretilo	外皮，壳；（计算机）命令解释器（shell）	껍질; (정보) 셸(명령 해석기)
1965	1901-2000	ŝirmi	9	14	23	{Ｂ}［他］かばう, おおう; 防ぐ, 保護する, 守る; さえぎる, よける; 【理】遮蔽する	遮蔽；保护，掩护；防止	위험이나 손상으로부터 보호하다
1967	1901-2000	ŝmiri	12	13	25	{Ｂ}［他］（油などを）塗る, 塗布する; （機械などに）グリースを塗る, 油を差す, >>〜; 《転》買収する	涂，抹，贿赂	바르다, 칠하다
1981	1901-2000	ŝtopi	10	13	23	{Ｂ}［他］（穴・隙間などを）ふさぐ, 栓をする, 詰め物をする, 埋める; ふさいで邪魔をする, 閉鎖する; 詰めこむ, いっぱいにする; （布や編み物の穴を）繕う, かがる, >>〜	堵塞；填满；封闭；（织物破损处）补上	막다, 가득 채우다, 봉쇄하다, （직물의 구멍을）꿰매 메우다
1984	1901-2000	ŝuldi	12	11	23	{Ｂ}［他］借りがある; 【商】債務を負う; （精神的）義務がある; 恩義を受けている, おかげである	欠，负有责任或义务	빚지다, 의무를 지다
2000	1901-2000	-id-	13	10	23	{Ｂ}［接尾辞］（子・子孫を示す）, >>reĝ〜o, >>kok〜o / ［学術接尾辞］（化合物を示す）, >>cian〜o, >>klor〜o	[后缀] 表示后代、子孙 / [化学] 表示化合物	자손, 새끼를 나타내는 접미사；（화학） 화합물 접미사
2018	2001-2100	abstrakta	10	10	20	{Ｏ}抽象的な, ><〜; 観念的な; 【美】抽象派の	抽象的	추상적인
2020	2001-2100	agordi	10	14	24	{Ｏ}［他］【楽】調律する, 音を合わせる; 【通】同調させる; 【情】設定する, セットアップする; 《転》（人を～な）気分にさせる	[乐] 调音；[无线] 调谐；[计] 设置；使产生某种心情	조율하다; (무선) 동조하다; (컴퓨터) 설정하다
2053	2001-2100	burokrato	10	8	18	{Ｏ}【政】官僚, 役人; 《転》官僚主義者, しゃくし定規な役人	官僚	관료, 정부 관리
2070	2001-2100	distrikto	21	21	42	{Ｏ}【政】行政区, 地区, 地方, >>〜, >>〜, >>departemento, >>kantono, >>〜	行政区，地区；辖区	행정구역, 관할구; 지구
2080	2001-2100	elimini	13	16	29	{Ｂ}［他］除去する, 取り除く, 削除する; ふるい落とす; 【医】排出する; 【数】消去する	消除，排除；淘汰	없애다, 제거하다
2094	2001-2100	faktoro	16	14	30	{Ｏ}要因, 因子, ファクター; 【数】因数; 【理】因子, 率; 【商】仲買人, 代理業者	因素；（数）因数；（商）代理商	요인; (수학) 인수; (상업) 대리인·중개인
2112	2101-2200	formala	11	11	22	{Ｏ}外形的な, 形式上の; 正式の, 正規の; 儀礼的な; 明確な, 明言された	形式上的，正式的	형식적인, 공식적인
2117	2101-2200	frakcio	12	11	23	{Ｏ}【数】分数; 【化】留分; 【政】分派, フラクション	[数] 分数；派别	(수학) 분수; (정치) 파벌
2138	2101-2200	humuro	11	10	21	{Ｂ}ユーモア（感覚）, こっけい, おかしみ, 諧謔（かいぎゃく）, >>ŝerco, >>sprito（「気分」を表す別語と区別）	幽默	유머, 익살스러움
2139	2101-2200	ideologio	12	10	22	{Ｏ}イデオロギー, 観念形態; 【哲】観念学; 《転》空理空論	意识形态	이데올로기, 사회·정치 사상체계
2145	2101-2200	indico	15	11	26	{Ｂ}【学】指数, 率; 【学】添え字（変数の右下につける）; 《古》=indikaĵo（徴候）	指数，指标	지수, 지표; (수학) 아래첨자
2160	2101-2200	kancero	14	15	29	{Ｏ}【病】がん（癌）, >>tumoro; 【植】腫瘍（しゅよう）; 【動】イチョウガニ（属）	[医] 癌；[天] 巨蟹座	암; (천문) 게자리(황도12궁)
2165	2101-2200	karcero	16	15	31	{Ｏ}独房; 監房, 牢（ろう）; 留置場; 監獄, 刑務所; 【軍】営倉	牢房，禁闭室	감옥의 독방, 감방
2169	2101-2200	katastrofo	11	9	20	{Ｏ}（突然の）大災害, 大惨事, 大事故; 破局; 【劇】大詰め	灾难	큰 재난, 대참사
2177	2101-2200	kodo	11	12	23	{Ｏ}【法】法典; （電信などの）符号, 暗号; 【情】符号, コード	法典；代码	부호나 암호 체계
2178	2101-2200	kokso	10	8	18	{Ｏ}【解】腰（左または右に張り出した部分）, >>〜, >>〜	髋，臀部	엉덩이, 둔부, 고관절 부위
2179	2101-2200	kolbaso	13	13	26	{Ｏ}【料】ソーセージ, >>〜; 【建】（火薬を詰めた）導火嚢（どうかのう）	香肠	소시지
2182	2101-2200	kolonio	7	11	18	{Ｏ}植民地; 植民団; 居留地, 集落, 集団; 【生】コロニー, 集団繁殖地, （サンゴなどの）群体, （細菌の）集落	殖民地；聚居地；【生物】群体，菌落	식민지, 거류지, 【생물】집락, 콜로니
2186	2101-2200	kompleksa	6	10	16	{Ｂ}複合した; 入り組んだ, 複雑な; 【数】複素数の	复杂的；[数] 复数的	복잡한
2189	2101-2200	komputi	7	10	17	{Ｏ}［他］【機】算定する, 計量する; 【情】（コンピュータで）演算する, 処理する	计算；[计] 运算	계산하다, 산정하다
2194	2101-2200	konko	15	9	24	{Ｏ}【動】貝殻, （カタツムリの）殻; 《転》貝殻形のもの; 【解】甲介	贝壳	조가비, 조개껍질; 조개껍질 모양 물건
2206	2201-2300	kopii	19	19	38	{Ｏ}［他］写しとる, 複写する, 模写する; 【情】コピーする, 複写する; 【写】（印画紙に）焼付ける, 焼増しする, >>printi	复制，抄写	베끼거나 복사하다
2214	2201-2300	lanĉi	10	17	27	{Ｏ}［他］放つ, 発射する; 世に送り出す; 【海】進水させる; 【情】（プログラムを）起動する, 立ち上げる	发射；推出（新产品）；[计] 启动	발사하다
2219	2201-2300	lumbo	12	11	23	{Ｏ}【解】腰, 腰部（背中の下部）, >>〜, >>〜	腰	허리, 요부
2226	2201-2300	manifestacio	13	9	22	{Ｏ}【政】デモ, 示威運動, 示威行進, >>parado, >>procesio	示威游行	정치적 주장 위한 시위, 데모
2227	2201-2300	manio	11	8	19	{Ｏ}熱狂（マニア）, 偏執, マニア; 奇癖; 【医】躁状態, 躁病	狂热，癖好	어떤 대상을 향한 광적인 집착
2230	2201-2300	masko	13	12	25	{Ｏ}仮面, 面（めん）, 覆面, マスク; 【写】（覆い焼きの）マスク; 《転》（いつわりの）仮面	面具，口罩	얼굴을 가리는 가면
2232	2201-2300	medio	11	11	22	{Ｏ}（自然的・社会的）環境; 【理】媒体; 【化】媒質; 【生】培地, 培養基	环境；（物理/化学）介质；（生物）培养基	환경; (물리·화학) 매질; (생물) 배지
2235	2201-2300	merkato	12	10	22	{Ｏ}【経】市場（しじょう）, 販路; 取引, 売買, >>〜	市场	상품이 오가는 시장
2241	2201-2300	miopa	12	11	23	{Ｏ}【医】近視の, 近眼の, >>hipermetropa, >>presbiopa	近视的	근시의, 근시안의
2244	2201-2300	monopolo	12	11	23	{Ｏ}【経】独占; 専売; 《転》占有, 独り占め	垄断	경제상의 독점
2245	2201-2300	motivo	12	11	23	{Ｏ}動機, 理由, 根拠; 【芸】モチーフ, 主題; 【楽】モチーフ, 動機	动机；[艺] 主题	어떤 행동을 하게 되는 동기, 이유
2246	2201-2300	mozaiko	11	6	17	{Ｏ}モザイク; 《転》寄せ集め; 【植】モザイク病	马赛克	잘게 나눈 조각을 모아 만든 무늬
2249	2201-2300	negativa	21	23	44	{Ｏ}消極的な; 否定的な; 【電】陰の; 【理】負の, Ｓ極の; 【数】負の; >>〜, ><〜	消极的；否定的；（电/数）负的	부정적, 소극적; (전기·수학) 음의, 음극의
2255	2201-2300	normo	10	10	20	{Ｏ}基準, 規範; 標準, 規格; 【数】ノルム	标准，规范	기준, 규범
2258	2201-2300	nukleo	12	12	24	{Ｂ}【理】原子核, =atomkerno; 【生】（細胞）核, =ĉelkerno	核，原子核	핵, 원자핵·세포핵
2261	2201-2300	objektiva	18	14	32	{Ｏ}客観的な, 実在の, ><〜; 偏りのない, 公正な; 【医】他覚性の; 【理】（レンズが）対物の	客观的	편견 없이 사실을 보는, 객관적인
2263	2201-2300	operacio	19	18	37	{Ｂ}【医】手術; 【商】操作; 【数】【情】演算; 【軍】=operaco（作戦）	手术；操作；运算	수술; 조작, 운용; 연산
2264	2201-2300	opozicio	17	18	35	{Ｂ}（政治上の）反対, 対立; 【政】反対派, 野党; 【天】衝（しょう）; 【理】逆位相	反对；反对派	정치적 반대, 야당
2270	2201-2300	paralela	15	16	31	{Ｂ}【数】平行の; 並列の, 平行する; 【電】並列の; 【情】パラレルの, >>seria	平行的；并列的；（电/计）并行的	평행한; 병렬의; (전기·정보) 병렬의
2284	2201-2300	pozitiva	31	33	64	{Ｏ}積極的な, 建設的な, 実際的な, 現実的な, 確実な; 肯定的な; 実証的な; 【電】陽の; 【理】正の, Ｎ極の; 【数】正の; 【写】ポジの; >>〜, ><〜	积极的；肯定的；（电/数）正的；（摄影）正片的	긍정적; (전기·수학) 양의, 양극의; (사진) 포지의
2291	2201-2300	proporcio	12	10	22	{Ｏ}割合, 釣合, 比率; 【数】比例, >>rilatumo	比例	비율, 비례 관계
2293	2201-2300	protokolo	12	11	23	{Ｏ}議事録, 調書, 議定書; 【情】ログ, 運転記録; 【情】プロトコル, 通信規約	协议，议定书；记录	회의나 사건을 적어 남긴 공식 기록
2294	2201-2300	provizi	10	10	20	{Ｂ}［他］供給する, 支給する, 提供する, 与える; 貯蔵する, たくわえる; 備え付ける, 装備する	供应，供给	공급하다, 제공하다
2298	2201-2300	purpuro	10	7	17	{Ｏ}（赤みがかった）紫色, 赤紫色; 紫衣（王や高僧が身につける）; 【病】紫斑病	紫红色	붉은 기가 도는 자주색
2303	2301-2400	referenco	13	11	24	{Ｏ}参照, 照合, 参考; 身元保証書; 【情】（変数の）ポインター; （参照用の）基準	参考，参照	다른 자료를 대조하여 참고함
2311	2301-2400	rezervi	9	10	19	{Ｂ}［他］取っておく, 残しておく, 蓄える; 予約する, 予約指定する; 保留する, 差し控える	保留，预定	예약하다
2313	2301-2400	rubo	19	18	37	{Ｏ}瓦礫, 残骸; がらくた, くず; 【地質】岩屑（がんせつ）; 【環】=rubaĵo（廃棄物）; 《転》がらくた, 無価値なもの	瓦砾，垃圾，废料；（转）无价值之物	쓰레기, 파편; (비유) 쓸모없는 것
2314	2301-2400	rubriko	10	7	17	{Ｏ}（新聞・雑誌の）欄; （書籍の）見出し, 標題; 【キ】ルブリカ（典礼書中に朱書きされた執行規定）	栏目	신문·잡지의 고정 코너, 난
2316	2301-2400	satelito	18	15	33	{Ｏ}【天】衛星; 人工衛星; 《転》衛星国, 衛星都市; 《転》（追従する）手下, 取り巻き	卫星	행성을 도는 위성, 인공위성
2317	2301-2400	sfero	18	17	35	{Ｏ}【数】球, 球面; =〜（球体）; 【史】（天体の）軌道; 《転》領域, 範囲, 圏	球体；领域	구체, 둥근 공 모양의 것
2318	2301-2400	sigelo	10	11	21	{Ｏ}印（いん）, 印影; 封印; 《転》しるし, 確証, 刻印	印章，封印	도장이나인장의자국
2320	2301-2400	simbolo	19	16	35	{Ｏ}象徴, シンボル, >>emblemo; 【化】【数】記号; 【カ】信経	象征，符号	어떤 개념을 드러내는 표시, 상징
2323	2301-2400	skeleto	18	18	36	{Ｏ}【解】骨格, 骸骨; 【生】外骨格; （建物などの）骨組み; 《転》骨子, 概略; 《転》やせこけた人	骨骼；骨架；（转）提纲	골격, 해골; (비유) 뼈대, 개요
2326	2301-2400	solida	9	11	20	{Ｂ}固体の; 固い, 頑丈な; 確固とした, 確実な; 堅実な, しっかりした	固体的；坚固的	단단한, 견고한
2328	2301-2400	specifa	9	10	19	{Ｂ}特定の; 固有の, 特有の; 【理】比～	特定的，特有的	특정한
2330	2301-2400	stabila	19	16	35	{Ｏ}安定した, 永続する; 【理】安定な, >>meta〜, >>〜, >>labila	稳定的	안정된, 변하지 않는, 견고한
2332	2301-2400	stampi	11	12	23	{Ｂ}［他］スタンプを押す, 消印を押す; 刻印する; 《転》刻み込む; 《転》特徴づける	盖章；铭刻	도장이나 소인을 찍다
2334	2301-2400	stimuli	15	16	31	{Ｏ}［他］激励する, 励ます; 刺激する, >>〜, >>vigligi, >>sproni	刺激，激励	격려하다
2340	2301-2400	subjektiva	11	10	21	{Ｏ}主観的な, 個人的な, ><〜; 主体的な, =subjekta, >>memstara	主观的	주관적인, 개인적인
2345	2301-2400	tabuo	10	6	16	{Ｂ}【宗】タブー, 禁忌; 《転》禁制, 禁物	禁忌	금기, 해서는 안 되는 일
2346	2301-2400	tajdo	12	9	21	{Ｂ}【海】潮（の干満）, 潮汐; 潮流; 《転》時流	潮汐	조수, 바닷물의 간만 현상
2349	2301-2400	taktiko	15	15	30	{Ｏ}【軍】戦術, 用兵, >>strategio; 《転》駆け引き, 策略, 術策	战术	전술
2351	2301-2400	tamburo	10	8	18	{Ｏ}【楽】ドラム, 太鼓; 【機】ドラム	鼓	북, 드럼 악기
2357	2301-2400	templo	16	13	29	{Ｏ}【史】（古代ギリシャ・ローマなどの）神殿; 【宗】寺院, 聖堂, 礼拝堂, 教会堂; 《転》殿堂	庙宇，神殿	신전이나 사원 같은 종교적 건물
2362	2301-2400	tezo	18	17	35	{Ｏ}主張, 説; 【論】命題, 定立, 提題; 【政】テーゼ; 【学】=disertacio（学位論文）	论题，命题；（学）学位论文（参）	논제, 명제; (학위) 논문(참)
2367	2301-2400	unio	16	14	30	{Ｏ}【政】同盟, 連合, >>unuiĝo, >>〜, >>konfederacio	联盟	정치적 동맹, 연합
2369	2301-2400	uragano	16	13	29	{Ｏ}（旋風性の）大暴風; 【気】颶風（ぐふう）（風力階級12）, >>〜, >>〜; 《転》あらし（嵐）	飓风；（转）风暴般的动荡	허리케인, 대폭풍; (비유) 거센 소용돌이
2374	2301-2400	valuto	13	12	25	{Ｏ}【経】通貨; 外国為替; 為替相場, >>devizkurzo	货币	통화, 화폐
2378	2301-2400	versio	9	11	20	{Ｏ}（各人の）見解; 【映】（～語）版; 【情】バージョン	版本；说法	판, 버전
2379	2301-2400	vertikala	14	9	23	{Ｂ}【数】【理】鉛直の; （地面に）垂直な, 縦の, >>〜	垂直的	수직의, 땅에 대해 곧게 선, 세로의
2380	2301-2400	veterano	11	10	21	{Ｏ}熟練者, ベテラン; 【軍】古参兵, 退役軍人, >>ekssoldato	老兵，老手	노련한 사람, 베테랑
2381	2301-2400	viruso	10	10	20	{Ｏ}【医】ウイルス, ビールス; 【情】（コンピュータ）ウイルス	病毒	바이러스
2390	2301-2400	ĉampiono	11	8	19	{Ｏ}【運】チャンピオン, 選手権者, 優勝者; 《転》（主義主張のために戦う）闘士, 擁護者	冠军	경기나 대회의 우승자, 챔피언
2391	2301-2400	ĝiri	11	9	20	{Ｏ}［他］【商】（手形などに）裏書する, =endosi; （金を）振替える; 【車】方向転換する	背书；转账	어음·수표를 배서하다; 계좌 이체하다
2399	2301-2400	ŝoseo	10	8	18	{Ｏ}舗装道路, 街道, 公道, >>aŭtovojo; 車道, =veturejo	公路，大道	자동차가 다니는 큰 도로
2400	2301-2400	ŝtormo	15	12	27	{Ｏ}暴風, あらし; 【気】強風（風力階級７～10）, >>〜, >>〜	风暴	거센 폭풍, 강한 바람
2401	2401-2500	ŝvebi	19	23	42	{Ｏ}［自］（空中に）浮かぶ, ただよう, 舞う, 滑空する; すべるように動く; 【理】（水中で）漂う, >>flosi, >>sinki; 《転》（心などに）浮かぶ; 《転》宙づりになっている	悬浮；漂浮；滑翔；《转》（心中）浮现	공중이나 물속에 떠서 부드럽게 움직이다, 《전》（마음에）떠오르다
